Gene_ID_U.nigricaudus,Prot_ID_A.carolinensis,%_identity,E-value,Gene_Symbol,Description,Prot_ID_P.vitticeps,%_identity,E-value,Description,Prot_ID_S.undulatus,%_identity,E-value,Description
,,,,,,,,,,,,,
S14-ChrX,,,,,,,,,,,,,
maker-scaffold_14-augustus-gene-119.102-mRNA-1,,,,,,,,,,XP_042311056.1,83.058,2.95e-140, uncharacterized protein LOC121924053
augustus_masked-scaffold_14-processed-gene-119.226-mRNA-1,ENSACAP00000007418.4,94.211,6.34e-132,GALNT9,polypeptide N-acetylgalactosaminyltransferase 9 [SourceHGNC Symbol;AccHGNC4131],ENSPVIP00000001671.1,94.937,6.69e-170,polypeptide N-acetylgalactosaminyltransferase 9 [SourceNCBI gene;Acc110076576],XP_042298080.1,99.156,0, polypeptide N-acetylgalactosaminyltransferase 9 isoform X3
maker-scaffold_14-snap-gene-119.4-mRNA-1,,,,,,,,,,XP_042299831.1,82.587,2.36e-111, uncharacterized protein LOC121917774 isoform X2
maker-scaffold_14-snap-gene-119.6-mRNA-1,,,,,,ENSPVIP00000011379.1,54.545,9.6,ribosomal protein S6 kinase A2 [SourceNCBI gene;Acc110087122],,,,
maker-scaffold_14-augustus-gene-119.110-mRNA-1,ENSACAP00000025170.1,76.552,4.44e-140,STX2,syntaxin 2 [SourceHGNC Symbol;AccHGNC3403],ENSPVIP00000004092.1,67.577,4.90e-129,syntaxin 2 [SourceNCBI gene;Acc110076596],XP_042297865.1,81.875,4.70e-170, syntaxin-2 isoform X2
maker-scaffold_14-snap-gene-119.9-mRNA-1,ENSACAP00000033851.1,86.144,0,RIMBP2,RIMS binding protein 2 [SourceHGNC Symbol;AccHGNC30339],ENSPVIP00000004125.1,89.891,0,RIMS binding protein 2 [SourceNCBI gene;Acc110076592],XP_042297682.1,90.965,0, RIMS-binding protein 2 isoform X3
maker-scaffold_14-snap-gene-119.10-mRNA-1,ENSACAP00000023643.1,85.405,4.52e-105,RIMBP2,RIMS binding protein 2 [SourceHGNC Symbol;AccHGNC30339],ENSPVIP00000004147.1,83.243,8.98e-102,RIMS binding protein 2 [SourceNCBI gene;Acc110076592],XP_042297694.1,88.649,8.55e-109, RIMS-binding protein 2 isoform X14
augustus_masked-scaffold_14-processed-gene-119.246-mRNA-1,ENSACAP00000033258.1,90.732,0,,,ENSPVIP00000004714.1,88.925,0,transmembrane protein 132D-like [SourceNCBI gene;Acc110076607],XP_042297631.1,96.248,0, transmembrane protein 132D
augustus_masked-scaffold_14-processed-gene-119.254-mRNA-1,ENSACAP00000032477.1,70.408,5.08e-40,ABI2,abl interactor 2 [SourceHGNC Symbol;AccHGNC24011],ENSPVIP00000007384.1,80.46,2.11e-44,,XP_042304170.1,71.429,2.52e-41, LOW QUALITY PROTEIN: abl interactor 2
maker-scaffold_14-augustus-gene-119.114-mRNA-1,ENSACAP00000014350.4,96.532,5.30e-121,,,ENSPVIP00000004828.1,86.977,1.07e-123,BRI3 binding protein [SourceNCBI gene;Acc110076586],XP_042298069.1,89.583,3.60e-133, BRI3-binding protein
maker-scaffold_14-augustus-gene-119.116-mRNA-1,ENSACAP00000030902.1,83.646,0,DHX37,DEAH-box helicase 37 [SourceHGNC Symbol;AccHGNC17210],ENSPVIP00000004833.1,78.151,0,DEAH-box helicase 37 [SourceNCBI gene;Acc110076601],XP_042298014.1,94.247,0, probable ATP-dependent RNA helicase DHX37
maker-scaffold_14-augustus-gene-119.118-mRNA-1,ENSACAP00000033017.1,83.929,0,SCARB1,scavenger receptor class B member 1 [SourceHGNC Symbol;AccHGNC1664],ENSPVIP00000004975.1,79.656,0,scavenger receptor class B member 1 [SourceNCBI gene;Acc110076587],XP_042297860.1,87.5,0, scavenger receptor class B member 1 isoform X3
maker-scaffold_14-snap-gene-119.18-mRNA-1,ENSACAP00000037171.1,86.066,2.45e-53,NCOR2,nuclear receptor corepressor 2 [SourceHGNC Symbol;AccHGNC7673],ENSPVIP00000014351.1,87.705,1.11e-53,nuclear receptor corepressor 2 [SourceNCBI gene;Acc110076584],XP_042297295.1,87.705,1.44e-53, nuclear receptor corepressor 2 isoform X20
augustus_masked-scaffold_14-processed-gene-119.266-mRNA-1,ENSACAP00000037171.1,81.992,0,NCOR2,nuclear receptor corepressor 2 [SourceHGNC Symbol;AccHGNC7673],ENSPVIP00000013286.1,74.549,0,nuclear receptor corepressor 2 [SourceNCBI gene;Acc110076584],XP_042297276.1,92.331,0, nuclear receptor corepressor 2 isoform X6
augustus_masked-scaffold_14-processed-gene-119.267-mRNA-1,ENSACAP00000037171.1,95.793,0,NCOR2,nuclear receptor corepressor 2 [SourceHGNC Symbol;AccHGNC7673],ENSPVIP00000014569.1,71.116,0,nuclear receptor corepressor 2 [SourceNCBI gene;Acc110076584],XP_042297288.1,99.029,0, nuclear receptor corepressor 2 isoform X15
augustus_masked-scaffold_14-processed-gene-119.269-mRNA-1,ENSACAP00000030692.1,91.824,0,CCDC92,coiled-coil domain containing 92 [SourceHGNC Symbol;AccHGNC29563],ENSPVIP00000014571.1,89.846,0,coiled-coil domain containing 92 [SourceNCBI gene;Acc110076589],XP_042298099.1,92.355,0, coiled-coil domain-containing protein 92 isoform X1
maker-scaffold_14-snap-gene-119.21-mRNA-1,,,,,,,,,,XP_042297571.1,80.184,3.02e-111, uncharacterized protein LOC121916494 isoform X2
maker-scaffold_14-snap-gene-119.23-mRNA-1,ENSACAP00000034701.1,86.09,4.02e-164,EIF2B1,eukaryotic translation initiation factor 2B subunit alpha [SourceHGNC Symbol;AccHGNC3257],ENSPVIP00000020353.1,80.986,2.16e-157,eukaryotic translation initiation factor 2B subunit alpha [SourceNCBI gene;Acc110083842],XP_042297676.1,86.62,4.11e-170, translation initiation factor eIF-2B subunit alpha
maker-scaffold_14-augustus-gene-119.126-mRNA-1,ENSACAP00000015137.3,87.454,1.41e-145,RILPL1,Rab interacting lysosomal protein like 1 [SourceHGNC Symbol;AccHGNC26814],ENSPVIP00000020292.1,68.079,4.32e-141,Rab interacting lysosomal protein like 1 [SourceHGNC Symbol;AccHGNC26814],XP_042297724.1,97.304,0, RILP-like protein 1 isoform X2
maker-scaffold_14-augustus-gene-119.127-mRNA-1,ENSACAP00000015149.3,64.336,7.58e-56,RILPL2,Rab interacting lysosomal protein like 2 [SourceHGNC Symbol;AccHGNC28787],ENSPVIP00000020290.1,61.828,1.26e-72,Rab interacting lysosomal protein like 2 [SourceNCBI gene;Acc110083874],XP_042297857.1,75.532,4.37e-95, RILP-like protein 2
maker-scaffold_14-snap-gene-119.29-mRNA-1,ENSACAP00000015272.4,86.105,0,SBNO1,strawberry notch homolog 1 [SourceHGNC Symbol;AccHGNC22973],ENSPVIP00000020287.1,83.453,0,strawberry notch homolog 1 [SourceNCBI gene;Acc110083834],XP_042297734.1,89.481,0, protein strawberry notch homolog 1
maker-scaffold_14-snap-gene-119.31-mRNA-1,ENSACAP00000023663.1,99,3.25e-68,CDK2AP1,cyclin dependent kinase 2 associated protein 1 [SourceHGNC Symbol;AccHGNC14002],ENSPVIP00000020285.1,97.98,2.05e-66,cyclin dependent kinase 2 associated protein 1 [SourceNCBI gene;Acc110083817],XP_042297954.1,93.75,1.15e-79, cyclin-dependent kinase 2-associated protein 1 isoform X1
maker-scaffold_14-augustus-gene-119.134-mRNA-1,ENSACAP00000015309.4,83.35,0,MPHOSPH9,M-phase phosphoprotein 9 [SourceHGNC Symbol;AccHGNC7215],ENSPVIP00000020280.1,66.079,0,M-phase phosphoprotein 9 [SourceNCBI gene;Acc110083814],XP_042297740.1,92.209,0, M-phase phosphoprotein 9 isoform X2
augustus_masked-scaffold_14-processed-gene-119.281-mRNA-1,ENSACAP00000015391.4,78.943,0,PITPNM2,phosphatidylinositol transfer protein membrane associated 2 [SourceHGNC Symbol;AccHGNC21044],ENSPVIP00000019667.1,77.527,0,phosphatidylinositol transfer protein membrane associated 2 [SourceNCBI gene;Acc110083887],XP_042297581.1,83.683,0, membrane-associated phosphatidylinositol transfer protein 2 isoform X6
maker-scaffold_14-snap-gene-119.40-mRNA-1,ENSACAP00000023204.1,78.281,1.33e-119,,,ENSPVIP00000016848.1,72.398,5.47e-106,,,,,
maker-scaffold_14-augustus-gene-119.151-mRNA-1,ENSACAP00000015474.3,95.147,0,ABCB9,ATP binding cassette subfamily B member 9 [SourceHGNC Symbol;AccHGNC50],ENSPVIP00000016846.1,78.6,0,,XP_042298071.1,98.595,0, ABC-type oligopeptide transporter ABCB9
maker-scaffold_14-augustus-gene-119.154-mRNA-1,ENSACAP00000015500.3,88.38,1.41e-157,,,ENSPVIP00000016845.1,86.268,4.70e-163,VPS37B subunit of ESCRT-I [SourceNCBI gene;Acc110083828],XP_042297828.1,95.122,1.59e-158, vacuolar protein sorting-associated protein 37B
maker-scaffold_14-augustus-gene-119.156-mRNA-1,ENSACAP00000015757.2,80.916,8.10e-147,GPN3,GPN-loop GTPase 3 [SourceHGNC Symbol;AccHGNC30186],ENSPVIP00000016841.1,78.142,8.61e-94,GPN-loop GTPase 3 [SourceHGNC Symbol;AccHGNC30186],XP_042297761.1,83.588,2.46e-152, GPN-loop GTPase 3
maker-scaffold_14-snap-gene-119.51-mRNA-1,ENSACAP00000015779.4,74.118,1.60e-84,ARPC3,actin related protein 2/3 complex subunit 3 [SourceHGNC Symbol;AccHGNC706],ENSPVIP00000016839.1,74.118,1.69e-83,actin related protein 2/3 complex subunit 3 [SourceNCBI gene;Acc110083892],XP_042297763.1,74.706,1.59e-84, actin-related protein 2/3 complex subunit 3
maker-scaffold_14-snap-gene-119.54-mRNA-1,ENSACAP00000015819.4,96.283,0,ANAPC7,anaphase promoting complex subunit 7 [SourceHGNC Symbol;AccHGNC17380],ENSPVIP00000016838.1,96.46,0,anaphase promoting complex subunit 7 [SourceNCBI gene;Acc110083857],XP_042298038.1,96.991,0, anaphase-promoting complex subunit 7 isoform X1
maker-scaffold_14-snap-gene-119.55-mRNA-1,ENSACAP00000018106.2,85.374,0,,,ENSPVIP00000016830.1,66.73,0,purinergic receptor P2X 7 [SourceNCBI gene;Acc110083862],XP_042298073.1,96.259,0, P2X purinoceptor 7 isoform X2
maker-scaffold_14-snap-gene-119.57-mRNA-1,ENSACAP00000016128.3,83.417,0,,,ENSPVIP00000016829.1,73.77,2.07e-180,purinergic receptor P2X 4 [SourceNCBI gene;Acc110083823],XP_042299715.1,90.301,0, P2X purinoceptor 4-like isoform X1
maker-scaffold_14-augustus-gene-119.169-mRNA-1,ENSACAP00000016158.3,76.19,0,RNFT2,"ring finger protein, transmembrane 2 [SourceHGNC Symbol;AccHGNC25905]",ENSPVIP00000003464.1,69.167,0,"ring finger protein, transmembrane 2 [SourceNCBI gene;Acc110090106]",XP_042299714.1,82.46,0, RING finger and transmembrane domain-containing protein 2-like isoform X2
maker-scaffold_14-augustus-gene-119.172-mRNA-1,ENSACAP00000016183.3,81.37,0,FBXW8,F-box and WD repeat domain containing 8 [SourceHGNC Symbol;AccHGNC13597],ENSPVIP00000003467.1,70.879,0,F-box and WD repeat domain containing 8 [SourceNCBI gene;Acc110090102],XP_042298085.1,85.435,0, F-box/WD repeat-containing protein 8
maker-scaffold_14-snap-gene-119.66-mRNA-1,ENSACAP00000016376.2,82.44,0,RFC5,replication factor C subunit 5 [SourceHGNC Symbol;AccHGNC9973],ENSPVIP00000005371.1,76.818,2.46e-115,replication factor C subunit 5 [SourceNCBI gene;Acc110089215],XP_042297674.1,86.607,0, replication factor C subunit 5
maker-scaffold_14-augustus-gene-119.175-mRNA-1,ENSACAP00000016432.1,83.957,5.89e-120,,,ENSPVIP00000007628.1,78.075,6.66e-116,phosphatidylethanolamine binding protein 1 [SourceNCBI gene;Acc110070696],XP_042297604.1,90.909,2.54e-127, phosphatidylethanolamine-binding protein 1-like
maker-scaffold_14-augustus-gene-119.178-mRNA-1,ENSACAP00000032483.1,83.333,4.83e-46,,,ENSPVIP00000007627.1,86.986,8.59e-67,"coiled-coil-helix-coiled-coil-helix domain-containing protein 10, mitochondrial-like [SourceNCBI gene;Acc110070702]",XP_042297731.1,99.306,3.93e-100," coiled-coil-helix-coiled-coil-helix domain-containing protein 10, mitochondrial"
maker-scaffold_14-snap-gene-119.73-mRNA-1,ENSACAP00000022949.1,85.793,0,,,ENSPVIP00000027563.1,54.7,0,mediator complex subunit 13 [SourceNCBI gene;Acc110075483],XP_042297574.1,94.595,0, mediator of RNA polymerase II transcription subunit 13-like isoform X2
maker-scaffold_14-augustus-gene-119.182-mRNA-1,ENSACAP00000005017.3,84.783,3.04e-48,TBX5,T-box transcription factor 5 [SourceHGNC Symbol;AccHGNC11604],ENSPVIP00000006132.1,77.778,4.07e-80,T-box transcription factor 5 [SourceNCBI gene;Acc110086440],XP_042297436.1,77.778,1.08e-79, LOW QUALITY PROTEIN: T-box transcription factor TBX5
maker-scaffold_14-snap-gene-119.76-mRNA-1,ENSACAP00000005017.3,96.034,0,TBX5,T-box transcription factor 5 [SourceHGNC Symbol;AccHGNC11604],ENSPVIP00000006132.1,90.833,0,T-box transcription factor 5 [SourceNCBI gene;Acc110086440],XP_042297436.1,98.867,0, LOW QUALITY PROTEIN: T-box transcription factor TBX5
maker-scaffold_14-snap-gene-119.78-mRNA-1,ENSACAP00000004976.3,71.527,0,RBM19,RNA binding motif protein 19 [SourceHGNC Symbol;AccHGNC29098],ENSPVIP00000006122.1,66.4,0,RNA binding motif protein 19 [SourceNCBI gene;Acc110086441],XP_042297414.1,80.53,0, probable RNA-binding protein 19
maker-scaffold_14-augustus-gene-119.186-mRNA-1,ENSACAP00000004976.3,72.115,2.19e-47,RBM19,RNA binding motif protein 19 [SourceHGNC Symbol;AccHGNC29098],ENSPVIP00000006125.1,79.775,2.24e-45,RNA binding motif protein 19 [SourceNCBI gene;Acc110086441],XP_042297414.1,73.394,4.97e-48, probable RNA-binding protein 19
maker-scaffold_14-snap-gene-119.81-mRNA-1,ENSACAP00000038792.1,91.489,4.73e-118,,LIM homeobox 5 [SourceHGNC Symbol;AccHGNC14216],ENSPVIP00000006120.1,81.152,3.79e-83,LIM homeobox 5 [SourceNCBI gene;Acc110086438],XP_042297792.1,94.118,7.66e-125, LIM/homeobox protein Lhx5
augustus_masked-scaffold_14-processed-gene-119.312-mRNA-1,ENSACAP00000031863.1,85.559,0,SDS,serine dehydratase [SourceHGNC Symbol;AccHGNC10691],ENSPVIP00000002350.1,78.972,6.24e-111,L-serine dehydratase/L-threonine deaminase-like [SourceNCBI gene;Acc110086281],XP_042297441.1,95.368,0, L-serine dehydratase/L-threonine deaminase
maker-scaffold_14-snap-gene-119.87-mRNA-1,ENSACAP00000004795.3,84.3,0,SLC8B1,solute carrier family 8 member B1 [SourceHGNC Symbol;AccHGNC26175],ENSPVIP00000002415.1,67.904,0,solute carrier family 8 member B1 [SourceHGNC Symbol;AccHGNC26175],XP_042297433.1,92.466,0, mitochondrial sodium/calcium exchanger protein isoform X1
maker-scaffold_14-augustus-gene-119.205-mRNA-1,ENSACAP00000004437.3,57.424,1.98e-179,IQCD,IQ motif containing D [SourceHGNC Symbol;AccHGNC25168],ENSPVIP00000002798.1,63.158,7.03e-173,IQ motif containing D [SourceNCBI gene;Acc110086262],XP_042297439.1,83.043,0, dynein regulatory complex protein 10
augustus_masked-scaffold_14-processed-gene-119.316-mRNA-1,ENSACAP00000004656.3,78.353,0,DDX54,DEAD-box helicase 54 [SourceHGNC Symbol;AccHGNC20084],ENSPVIP00000002811.1,72.752,0,DEAD-box helicase 54 [SourceNCBI gene;Acc110086265],XP_042297422.1,83.333,0, ATP-dependent RNA helicase DDX54
maker-scaffold_14-augustus-gene-119.212-mRNA-1,ENSACAP00000004554.4,77.749,0,RASAL1,RAS protein activator like 1 [SourceHGNC Symbol;AccHGNC9873],ENSPVIP00000002823.1,74.123,0,RAS protein activator like 1 [SourceNCBI gene;Acc110086280],XP_042297423.1,83.491,0, rasGAP-activating-like protein 1
maker-scaffold_14-augustus-gene-119.209-mRNA-1,,,,,,,,,,,,,
augustus_masked-scaffold_14-processed-gene-119.320-mRNA-1,ENSACAP00000004368.2,80.519,1.86e-40,PEBP1,phosphatidylethanolamine binding protein 1 [SourceHGNC Symbol;AccHGNC8630],ENSPVIP00000007628.1,66.197,2.28e-31,phosphatidylethanolamine binding protein 1 [SourceNCBI gene;Acc110070696],XP_042297455.1,86.842,1.01e-44, phosphatidylethanolamine-binding protein 1-like
maker-scaffold_14-snap-gene-119.12-mRNA-1,,,,,,,,,,,,,
maker-scaffold_14-augustus-gene-119.181-mRNA-1,,,,,,ENSPVIP00000006133.1,55.426,5.22e-68,T-box transcription factor 3 [SourceNCBI gene;Acc110086439],XP_042300024.1,77.828,5.81e-88," T-box transcription factor TBX3-like, partial"
maker-scaffold_14-snap-gene-119.101-mRNA-1,ENSACAP00000004368.2,81.081,6.15e-16,PEBP1,phosphatidylethanolamine binding protein 1 [SourceHGNC Symbol;AccHGNC8630],ENSPVIP00000007628.1,64.865,1.07e-10,phosphatidylethanolamine binding protein 1 [SourceNCBI gene;Acc110070696],XP_042297455.1,97.297,4.43e-21, phosphatidylethanolamine-binding protein 1-like
augustus_masked-scaffold_14-processed-gene-120.111-mRNA-1,ENSACAP00000039424.1,74.016,4.57e-122,SUDS3,"SDS3 homolog, SIN3A corepressor complex component [SourceHGNC Symbol;AccHGNC29545]",ENSPVIP00000003302.1,65.636,1.12e-119,"SDS3 homolog, SIN3A corepressor complex component [SourceNCBI gene;Acc110086266]",XP_042297444.1,70.545,5.16e-124, sin3 histone deacetylase corepressor complex component SDS3 isoform X2
maker-scaffold_14-snap-gene-120.116-mRNA-1,ENSACAP00000007317.3,80.224,6.26e-159,NOC4L,nucleolar complex associated 4 homolog [SourceHGNC Symbol;AccHGNC28461],ENSPVIP00000001674.1,75.912,1.07e-150,nucleolar complex associated 4 homolog [SourceNCBI gene;Acc110076577],XP_042297854.1,86.94,1.02e-168, nucleolar complex protein 4 homolog
maker-scaffold_14-snap-gene-120.118-mRNA-1,ENSACAP00000033307.1,89.659,0,EP400,E1A binding protein p400 [SourceHGNC Symbol;AccHGNC11958],ENSPVIP00000001870.1,73.974,0,E1A binding protein p400 [SourceNCBI gene;Acc110076574],XP_042297465.1,92.698,0, E1A-binding protein p400 isoform X6
maker-scaffold_14-snap-gene-120.122-mRNA-1,ENSACAP00000007205.3,91.463,0,PUS1,pseudouridine synthase 1 [SourceHGNC Symbol;AccHGNC15508],ENSPVIP00000002208.1,81.327,0,pseudouridine synthase 1 [SourceNCBI gene;Acc110076578],XP_042297483.1,96.822,0, tRNA pseudouridine synthase A
maker-scaffold_14-snap-gene-120.124-mRNA-1,ENSACAP00000007183.3,91.852,2.03e-86,MMP17,matrix metallopeptidase 17 [SourceHGNC Symbol;AccHGNC7163],ENSPVIP00000024696.1,67.407,4.60e-58,matrix metalloproteinase-17-like [SourceNCBI gene;Acc110084322],XP_042332671.1,66.667,3.08e-58, matrix metalloproteinase-17-like isoform X2
augustus_masked-scaffold_14-processed-gene-120.13-mRNA-1,,,,,,,,,,XP_042312885.1,51.282,0.009, uncharacterized protein LOC121925140
maker-scaffold_14-augustus-gene-120.222-mRNA-1,,,,,,ENSPVIP00000004077.1,90.805,7.14e-50,adhesion G protein-coupled receptor D1 [SourceNCBI gene;Acc110076595],XP_042299857.1,96.552,1.17e-59," adhesion G-protein coupled receptor D1-like, partial"
maker-scaffold_14-snap-gene-120.128-mRNA-1,ENSACAP00000007043.3,98.157,6.75e-159,RAN,"RAN, member RAS oncogene family [SourceHGNC Symbol;AccHGNC9846]",ENSPVIP00000004088.1,98.157,5.61e-159,"RAN, member RAS oncogene family [SourceNCBI gene;Acc110076603]",XP_042297918.1,98.157,3.48e-159, GTP-binding nuclear protein Ran
augustus_masked-scaffold_14-processed-gene-120.33-mRNA-1,ENSACAP00000014030.3,91.701,5.19e-161,FZD10,frizzled class receptor 10 [SourceHGNC Symbol;AccHGNC4039],ENSPVIP00000004168.1,92.032,1.43e-161,frizzled class receptor 10 [SourceNCBI gene;Acc110076571],XP_042298040.1,81.119,0, frizzled-10
maker-scaffold_14-augustus-gene-120.227-mRNA-1,ENSACAP00000014149.4,84.491,0,TMEM132C,transmembrane protein 132C [SourceHGNC Symbol;AccHGNC25436],ENSPVIP00000004814.1,80.139,0,transmembrane protein 132C [SourceNCBI gene;Acc110076572],XP_042297301.1,93.643,0, transmembrane protein 132C
maker-scaffold_14-augustus-gene-120.228-mRNA-1,ENSACAP00000035349.1,92.963,0,TMEM132B,transmembrane protein 132B [SourceHGNC Symbol;AccHGNC29397],ENSPVIP00000004816.1,87.593,0,transmembrane protein 132B [SourceHGNC Symbol;AccHGNC29397],XP_042297304.1,96.111,0, transmembrane protein 132B isoform X2
augustus_masked-scaffold_14-processed-gene-120.51-mRNA-1,ENSACAP00000014808.2,97.753,2.29e-61,RFLNA,refilin A [SourceHGNC Symbol;AccHGNC27051],ENSPVIP00000014570.1,96.629,1.03e-59,refilin A [SourceNCBI gene;Acc110076590],XP_042298017.1,97.753,3.16e-61, refilin-A
maker-scaffold_14-snap-gene-120.135-mRNA-1,ENSACAP00000033178.1,87.566,0,DNAH10,dynein axonemal heavy chain 10 [SourceHGNC Symbol;AccHGNC2941],,,,,XP_042298003.1,92.323,0, dynein axonemal heavy chain 10
maker-scaffold_14-snap-gene-120.141-mRNA-1,ENSACAP00000014931.3,86.525,0,ATP6V0A2,ATPase H+ transporting V0 subunit a2 [SourceHGNC Symbol;AccHGNC18481],ENSPVIP00000014578.1,83.274,0,ATPase H+ transporting V0 subunit a2 [SourceNCBI gene;Acc110076588],XP_042297566.1,92.553,0, V-type proton ATPase 116 kDa subunit a2
maker-scaffold_14-snap-gene-120.143-mRNA-1,ENSACAP00000039756.1,72.543,0,TCTN2,tectonic family member 2 [SourceHGNC Symbol;AccHGNC25774],ENSPVIP00000020360.1,60.386,0,tectonic family member 2 [SourceNCBI gene;Acc110083825],XP_042297568.1,87.66,0, tectonic-2 isoform X2
maker-scaffold_14-snap-gene-120.145-mRNA-1,ENSACAP00000029181.1,97.436,4.01e-110,GTF2H3,general transcription factor IIH subunit 3 [SourceHGNC Symbol;AccHGNC4657],ENSPVIP00000020354.1,92.045,0,general transcription factor IIH subunit 3 [SourceNCBI gene;Acc110083841],XP_042297677.1,98.909,0, general transcription factor IIH subunit 3 isoform X1
maker-scaffold_14-augustus-gene-120.241-mRNA-1,ENSACAP00000015098.3,92.661,0,DDX55,DEAD-box helicase 55 [SourceHGNC Symbol;AccHGNC20085],ENSPVIP00000020297.1,85.057,0,DEAD-box helicase 55 [SourceNCBI gene;Acc110083840],XP_042297675.1,97.61,0, ATP-dependent RNA helicase DDX55
maker-scaffold_14-augustus-gene-120.243-mRNA-1,ENSACAP00000025785.1,72.667,4.97e-144,TMED2,transmembrane p24 trafficking protein 2 [SourceHGNC Symbol;AccHGNC16996],ENSPVIP00000020294.1,88.393,6.11e-143,transmembrane p24 trafficking protein 2 [SourceNCBI gene;Acc110083868],XP_042297823.1,90.498,3.43e-145, transmembrane emp24 domain-containing protein 2 isoform X1
augustus_masked-scaffold_14-processed-gene-120.59-mRNA-1,ENSACAP00000015140.3,87.879,1.92e-145,SNRNP35,small nuclear ribonucleoprotein U11/U12 subunit 35 [SourceHGNC Symbol;AccHGNC30852],ENSPVIP00000020291.1,83.333,6.79e-141,small nuclear ribonucleoprotein U11/U12 subunit 35 [SourceNCBI gene;Acc110083873],XP_042297834.1,98.473,0, U11/U12 small nuclear ribonucleoprotein 35 kDa protein isoform X1
maker-scaffold_14-augustus-gene-120.244-mRNA-1,ENSACAP00000015161.4,77.863,6.28e-135,,,ENSPVIP00000020289.1,81.911,1.15e-174,lysine methyltransferase 5A [SourceNCBI gene;Acc110083872],XP_042297856.1,90.782,0, N-lysine methyltransferase KMT5A isoform X2
maker-scaffold_14-snap-gene-120.156-mRNA-1,ENSACAP00000015283.3,83.019,6.15e-81,MTRFR,chromosome 12 open reading frame 65 [SourceHGNC Symbol;AccHGNC26784],ENSPVIP00000020284.1,71.069,9.95e-72,chromosome unknown C12orf65 homolog [SourceNCBI gene;Acc110083815],XP_042297748.1,94.04,1.96e-92, mitochondrial translation release factor in rescue
maker-scaffold_14-snap-gene-120.157-mRNA-1,ENSACAP00000015402.3,75.294,2.28e-37,ARL6IP4,ADP ribosylation factor like GTPase 6 interacting protein 4 [SourceHGNC Symbol;AccHGNC18076],ENSPVIP00000016853.1,72.84,4.85e-34,ADP ribosylation factor like GTPase 6 interacting protein 4 [SourceNCBI gene;Acc110083870],XP_042297715.1,75.581,7.34e-38, ADP-ribosylation factor-like protein 6-interacting protein 4 isoform X2
maker-scaffold_14-augustus-gene-120.251-mRNA-1,ENSACAP00000015412.3,81.034,0,OGFOD2,2-oxoglutarate and iron dependent oxygenase domain containing 2 [SourceHGNC Symbol;AccHGNC25823],ENSPVIP00000016849.1,76.857,0,2-oxoglutarate and iron dependent oxygenase domain containing 2 [SourceNCBI gene;Acc110083869],XP_042297708.1,90.883,0, 2-oxoglutarate and iron-dependent oxygenase domain-containing protein 2 isoform X1
maker-scaffold_14-snap-gene-120.160-mRNA-1,ENSACAP00000015725.3,81.562,0,HIP1R,huntingtin interacting protein 1 related [SourceHGNC Symbol;AccHGNC18415],ENSPVIP00000016844.1,77.463,0,huntingtin interacting protein 1 related [SourceNCBI gene;Acc110083826],XP_042297716.1,85.513,0, huntingtin-interacting protein 1-related protein isoform X1
maker-scaffold_14-augustus-gene-120.260-mRNA-1,,,,,,ENSPVIP00000016843.1,82.119,1.69e-72,coiled-coil domain containing 62 [SourceNCBI gene;Acc110083827],XP_042297963.1,63.328,0, coiled-coil domain-containing protein 62 isoform X1
maker-scaffold_14-augustus-gene-120.264-mRNA-1,ENSACAP00000015731.3,60.825,7.85e-24,,,ENSPVIP00000016842.1,53.608,5.93e-18,density regulated re-initiation and release factor [SourceNCBI gene;Acc110083860],XP_042297762.1,62.887,9.21e-25, density-regulated protein
maker-scaffold_14-augustus-gene-120.266-mRNA-1,ENSACAP00000015925.3,90.815,0,ATP2A2,ATPase sarcoplasmic/endoplasmic reticulum Ca2+ transporting 2 [SourceHGNC Symbol;AccHGNC812],ENSPVIP00000016836.1,89.68,0,ATPase sarcoplasmic/endoplasmic reticulum Ca2+ transporting 2 [SourceNCBI gene;Acc110083889],XP_042298037.1,90.731,0, sarcoplasmic/endoplasmic reticulum calcium ATPase 2 isoform X2
maker-scaffold_14-augustus-gene-120.269-mRNA-1,ENSACAP00000016000.2,75.832,0,IFT81,intraflagellar transport 81 [SourceHGNC Symbol;AccHGNC14313],ENSPVIP00000016832.1,71.629,0,intraflagellar transport 81 [SourceNCBI gene;Acc110083861],XP_042297989.1,78.497,0, intraflagellar transport protein 81 homolog
maker-scaffold_14-augustus-gene-120.270-mRNA-1,ENSACAP00000016137.3,86.022,1.79e-113,SPRING1,SREBF pathway regulator in golgi 1 [SourceHGNC Symbol;AccHGNC26128],ENSPVIP00000003456.1,80.788,9.49e-121,chromosome unknown C12orf49 homolog [SourceNCBI gene;Acc110090107],XP_042299686.1,91.707,3.17e-136, SREBP regulating gene protein-like
maker-scaffold_14-snap-gene-120.178-mRNA-1,ENSACAP00000016199.2,72.358,6.83e-58,TESC,tescalcin [SourceHGNC Symbol;AccHGNC26065],ENSPVIP00000003475.1,70.492,5.65e-55,tescalcin [SourceNCBI gene;Acc110090103],XP_042298086.1,73.984,1.30e-58, calcineurin B homologous protein 3
maker-scaffold_14-augustus-gene-120.275-mRNA-1,ENSACAP00000016234.3,88.796,0,FBXO21,F-box protein 21 [SourceHGNC Symbol;AccHGNC13592],ENSPVIP00000003481.1,83.307,0,F-box protein 21 [SourceNCBI gene;Acc110090105],XP_042298084.1,88.854,0, F-box only protein 21
maker-scaffold_14-snap-gene-120.187-mRNA-1,ENSACAP00000016309.3,89.465,0,NOS1,nitric oxide synthase 1 [SourceHGNC Symbol;AccHGNC7872],ENSPVIP00000005188.1,88.732,0,nitric oxide synthase 1 [SourceNCBI gene;Acc110090104],XP_042297704.1,91.419,0," nitric oxide synthase, brain isoform X1"
maker-scaffold_14-snap-gene-120.188-mRNA-1,ENSACAP00000016406.3,85.93,0,WSB2,WD repeat and SOCS box containing 2 [SourceHGNC Symbol;AccHGNC19222],ENSPVIP00000005362.1,85.714,0,WD repeat and SOCS box containing 2 [SourceNCBI gene;Acc110089214],XP_042297672.1,93.451,0, WD repeat and SOCS box-containing protein 2
maker-scaffold_14-augustus-gene-120.285-mRNA-1,ENSACAP00000021744.1,78.615,0,VSIG10,V-set and immunoglobulin domain containing 10 [SourceHGNC Symbol;AccHGNC26078],,,,,XP_042297603.1,95,0, V-set and immunoglobulin domain-containing protein 10
maker-scaffold_14-augustus-gene-120.289-mRNA-1,ENSACAP00000004932.3,87.195,0,SDSL,serine dehydratase like [SourceHGNC Symbol;AccHGNC30404],ENSPVIP00000002348.1,81.188,1.30e-98,serine dehydratase like [SourceNCBI gene;Acc110086277],XP_042297440.1,81.068,0, serine dehydratase-like
maker-scaffold_14-augustus-gene-120.291-mRNA-1,ENSACAP00000004835.3,81.555,0,PLBD2,phospholipase B domain containing 2 [SourceHGNC Symbol;AccHGNC27283],ENSPVIP00000002354.1,79.713,0,phospholipase B domain containing 2 [SourceNCBI gene;Acc110086263],XP_042297435.1,87.25,0, putative phospholipase B-like 2
maker-scaffold_14-augustus-gene-120.292-mRNA-1,ENSACAP00000004764.3,92.92,0,TPCN1,two pore segment channel 1 [SourceHGNC Symbol;AccHGNC18182],ENSPVIP00000002732.1,83.578,0,two pore segment channel 1 [SourceNCBI gene;Acc110086274],XP_042297425.1,95.967,0, two pore calcium channel protein 1 isoform X2
maker-scaffold_14-augustus-gene-120.294-mRNA-1,ENSACAP00000004664.3,65.157,6.97e-110,RITA1,RBPJ interacting and tubulin associated 1 [SourceHGNC Symbol;AccHGNC25925],ENSPVIP00000002801.1,55.311,6.44e-85,RBPJ interacting and tubulin associated 1 [SourceNCBI gene;Acc110086261],XP_042297450.1,82.847,5.50e-158, RBPJ-interacting and tubulin-associated protein 1
maker-scaffold_14-snap-gene-120.200-mRNA-1,ENSACAP00000004568.3,73.05,8.12e-135,CFAP73,cilia and flagella associated protein 73 [SourceHGNC Symbol;AccHGNC37100],ENSPVIP00000002813.1,70.066,1.88e-134,cilia and flagella associated protein 73 [SourceNCBI gene;Acc110086275],XP_042297446.1,87.719,3.83e-159, cilia- and flagella-associated protein 73 isoform X2
maker-scaffold_14-snap-gene-120.202-mRNA-1,ENSACAP00000004423.3,97.059,0,DTX1,deltex E3 ubiquitin ligase 1 [SourceHGNC Symbol;AccHGNC3060],ENSPVIP00000002839.1,94.788,0,deltex E3 ubiquitin ligase 1 [SourceNCBI gene;Acc110086276],XP_042297429.1,97.712,0, E3 ubiquitin-protein ligase DTX1 isoform X1
maker-scaffold_14-snap-gene-120.205-mRNA-1,ENSACAP00000004310.2,92.194,0,TAOK3,TAO kinase 3 [SourceHGNC Symbol;AccHGNC18133],ENSPVIP00000002867.1,91.983,0,TAO kinase 3 [SourceNCBI gene;Acc110086267],XP_042297418.1,92.616,0, serine/threonine-protein kinase TAO3 isoform X1
maker-scaffold_14-augustus-gene-120.304-mRNA-1,ENSACAP00000004310.2,97.761,0,TAOK3,TAO kinase 3 [SourceHGNC Symbol;AccHGNC18133],ENSPVIP00000002867.1,95.771,0,TAO kinase 3 [SourceNCBI gene;Acc110086267],XP_042297418.1,98.259,0, serine/threonine-protein kinase TAO3 isoform X1
maker-scaffold_14-snap-gene-120.134-mRNA-1,ENSACAP00000021689.1,78.161,1.35e-40,MT-CO3,mitochondrially encoded cytochrome c oxidase III [SourceHGNC Symbol;AccHGNC7422],,,,,,,,
maker-scaffold_14-snap-gene-120.115-mRNA-1,,,,,,,,,,,,,
maker-scaffold_14-snap-gene-120.125-mRNA-1,,,,,,,,,,,,,
maker-scaffold_14-augustus-gene-122.3-mRNA-1,ENSACAP00000004044.3,58.58,1.03e-21,,,ENSPVIP00000003315.1,80.576,5.48e-27,serine/arginine repetitive matrix 4 [SourceNCBI gene;Acc110086271],XP_042297457.1,73.494,1.93e-37, serine/arginine repetitive matrix protein 4
maker-scaffold_14-augustus-gene-122.5-mRNA-1,ENSACAP00000004004.1,75.111,4.78e-118,HSPB8,heat shock protein family B (small) member 8 [SourceHGNC Symbol;AccHGNC30171],ENSPVIP00000003328.1,85.714,3.27e-73,heat shock protein family B (small) member 8 [SourceNCBI gene;Acc110086268],XP_042297453.1,82.222,1.74e-129, heat shock protein beta-8
maker-scaffold_14-snap-gene-123.15-mRNA-1,ENSACAP00000003977.4,59.071,0,CCDC60,coiled-coil domain containing 60 [SourceHGNC Symbol;AccHGNC28610],ENSPVIP00000026421.1,66.946,0,coiled-coil domain containing 60 [SourceNCBI gene;Acc110088956],XP_042297427.1,83.449,0, coiled-coil domain-containing protein 60 isoform X1
augustus_masked-scaffold_14-processed-gene-123.1-mRNA-1,ENSACAP00000003955.2,95.283,0,,GCN1 activator of EIF2AK4 [SourceHGNC Symbol;AccHGNC4199],ENSPVIP00000026023.1,91.208,0,GCN1 activator of EIF2AK4 [SourceNCBI gene;Acc110088955],XP_042297409.1,98.69,0, eIF-2-alpha kinase activator GCN1
maker-scaffold_14-augustus-gene-123.13-mRNA-1,ENSACAP00000003704.1,96.091,0,,,ENSPVIP00000022954.1,95.44,0,ribosomal protein lateral stalk subunit P0 [SourceNCBI gene;Acc110088960],XP_042297447.1,96.743,0, 60S acidic ribosomal protein P0
maker-scaffold_14-augustus-gene-124.12-mRNA-1,ENSACAP00000031935.1,95.876,3.63e-135,RAB35,"RAB35, member RAS oncogene family [SourceHGNC Symbol;AccHGNC9774]",ENSPVIP00000022938.1,95.876,3.76e-135,"RAB35, member RAS oncogene family [SourceNCBI gene;Acc110088954]",XP_042297448.1,95.876,4.73e-135, ras-related protein Rab-35
augustus_masked-scaffold_14-processed-gene-124.2-mRNA-1,ENSACAP00000003645.2,99.288,0,,paxillin [SourceHGNC Symbol;AccHGNC9718],ENSPVIP00000022951.1,65.613,4.21e-111,paxillin [SourceNCBI gene;Acc110088950],XP_042297410.1,86.083,0, paxillin isoform X1
maker-scaffold_14-augustus-gene-124.16-mRNA-1,ENSACAP00000003645.2,82.955,2.82e-87,,paxillin [SourceHGNC Symbol;AccHGNC9718],ENSPVIP00000022951.1,82.486,3.43e-85,paxillin [SourceNCBI gene;Acc110088950],XP_042297411.1,87.835,0, paxillin isoform X2
maker-scaffold_14-augustus-gene-125.4-mRNA-1,ENSACAP00000003523.3,98.163,0,BICDL1,BICD family like cargo adaptor 1 [SourceHGNC Symbol;AccHGNC28095],ENSPVIP00000022937.1,94.076,0,BICD family like cargo adaptor 1 [SourceNCBI gene;Acc110088959],XP_042297458.1,99.054,0, LOW QUALITY PROTEIN: BICD family-like cargo adapter 1
maker-scaffold_14-snap-gene-126.5-mRNA-1,ENSACAP00000030342.1,80.208,0,CIT,citron rho-interacting serine/threonine kinase [SourceHGNC Symbol;AccHGNC1985],ENSPVIP00000022934.1,80.02,0,citron rho-interacting serine/threonine kinase [SourceNCBI gene;Acc110088951],XP_042297786.1,80.257,0, citron Rho-interacting kinase
maker-scaffold_14-augustus-gene-126.2-mRNA-1,ENSACAP00000034011.1,94.866,0,tbc1d10a,,ENSPVIP00000000590.1,89.809,0,TBC1 domain family member 10A [SourceNCBI gene;Acc110071166],XP_042297718.1,98.537,0, TBC1 domain family member 10A isoform X1
maker-scaffold_14-snap-gene-126.9-mRNA-1,ENSACAP00000003321.2,83.333,4.01e-132,PRKAB1,protein kinase AMP-activated non-catalytic subunit beta 1 [SourceHGNC Symbol;AccHGNC9378],ENSPVIP00000022931.1,82.883,1.57e-133,protein kinase AMP-activated non-catalytic subunit beta 1 [SourceNCBI gene;Acc110088958],XP_042297452.1,87.838,4.92e-141, 5'-AMP-activated protein kinase subunit beta-1
maker-scaffold_14-snap-gene-127.9-mRNA-1,ENSACAP00000003204.3,94.236,0,SPPL3,signal peptide peptidase like 3 [SourceHGNC Symbol;AccHGNC30424],ENSPVIP00000013755.1,93.948,0,signal peptide peptidase like 3 [SourceNCBI gene;Acc110081988],XP_042297935.1,95.677,0, signal peptide peptidase-like 3 isoform X2
maker-scaffold_14-snap-gene-127.10-mRNA-1,ENSACAP00000003142.3,95.174,0,ACADS,acyl-CoA dehydrogenase short chain [SourceHGNC Symbol;AccHGNC90],ENSPVIP00000013753.1,93.029,0,acyl-CoA dehydrogenase short chain [SourceNCBI gene;Acc110081950],XP_042297728.1,97.587,0," short-chain specific acyl-CoA dehydrogenase, mitochondrial"
maker-scaffold_14-snap-gene-127.12-mRNA-1,ENSACAP00000003068.3,63.274,3.50e-85,UNC119B,unc-119 lipid binding chaperone B [SourceHGNC Symbol;AccHGNC16488],ENSPVIP00000013752.1,94.309,3.67e-86,unc-119 lipid binding chaperone B [SourceNCBI gene;Acc110081940],XP_042297729.1,78.189,2.93e-128, protein unc-119 homolog B
maker-scaffold_14-augustus-gene-127.5-mRNA-1,ENSACAP00000003037.3,84.229,4.48e-155,MLEC,malectin [SourceHGNC Symbol;AccHGNC28973],ENSPVIP00000013750.1,83.513,8.97e-152,malectin [SourceNCBI gene;Acc110082005],XP_042297881.1,85.663,5.56e-157, malectin
maker-scaffold_14-snap-gene-127.16-mRNA-1,ENSACAP00000003021.4,73.656,4.02e-88,CABP1,calcium binding protein 1 [SourceHGNC Symbol;AccHGNC1384],ENSPVIP00000013748.1,72.193,6.95e-84,calcium binding protein 1 [SourceNCBI gene;Acc110081977],XP_042297490.1,73.118,7.86e-87, calcium-binding protein 1 isoform X1
maker-scaffold_14-augustus-gene-128.0-mRNA-1,ENSACAP00000002975.2,80.503,9.38e-95,POP5,"POP5 homolog, ribonuclease P/MRP subunit [SourceHGNC Symbol;AccHGNC17689]",ENSPVIP00000013746.1,83.333,1.62e-59,"POP5 homolog, ribonuclease P/MRP subunit [SourceHGNC Symbol;AccHGNC17689]",XP_042297489.1,94.479,4.55e-113, ribonuclease P/MRP protein subunit POP5
maker-scaffold_14-augustus-gene-128.2-mRNA-1,ENSACAP00000002878.3,87.633,0,COQ5,"coenzyme Q5, methyltransferase [SourceHGNC Symbol;AccHGNC28722]",ENSPVIP00000013599.1,85.866,9.18e-179,"coenzyme Q5, methyltransferase [SourceNCBI gene;Acc110081976]",XP_042297919.1,89.046,0," 2-methoxy-6-polyprenyl-1,4-benzoquinol methylase, mitochondrial"
maker-scaffold_14-snap-gene-128.14-mRNA-1,ENSACAP00000002969.3,83.46,0,RNF10,ring finger protein 10 [SourceHGNC Symbol;AccHGNC10055],ENSPVIP00000013745.1,76.667,0,ring finger protein 10 [SourceNCBI gene;Acc110081949],XP_042297485.1,91.605,0, RING finger protein 10 isoform X1
maker-scaffold_14-augustus-gene-128.9-mRNA-1,ENSACAP00000035184.1,100,7.37e-65,,dynein light chain LC8-type 1 [SourceHGNC Symbol;AccHGNC15476],ENSPVIP00000013598.1,100,7.62e-65,dynein light chain LC8-type 1 [SourceNCBI gene;Acc110081980],XP_042297920.1,100,9.58e-65," dynein light chain 1, cytoplasmic"
maker-scaffold_14-augustus-gene-129.0-mRNA-1,ENSACAP00000002798.3,95.122,3.99e-125,SRSF9,serine and arginine rich splicing factor 9 [SourceHGNC Symbol;AccHGNC10791],ENSPVIP00000013596.1,94.944,1.41e-87,serine and arginine rich splicing factor 9 [SourceHGNC Symbol;AccHGNC10791],XP_042297405.1,94.355,5.43e-124, serine/arginine-rich splicing factor 9
maker-scaffold_14-augustus-gene-129.1-mRNA-1,ENSACAP00000028066.1,94.737,1.53e-31,MSI1,musashi RNA binding protein 1 [SourceHGNC Symbol;AccHGNC7330],ENSPVIP00000013593.1,98.246,1.93e-33,musashi RNA binding protein 1 [SourceNCBI gene;Acc110081975],XP_042297544.1,98.246,3.33e-33, RNA-binding protein Musashi homolog 1 isoform X4
maker-scaffold_14-augustus-gene-129.2-mRNA-1,ENSACAP00000002743.3,99.468,3.70e-134,MSI1,musashi RNA binding protein 1 [SourceHGNC Symbol;AccHGNC7330],ENSPVIP00000013593.1,99.465,2.50e-134,musashi RNA binding protein 1 [SourceNCBI gene;Acc110081975],XP_042297541.1,100,8.17e-134, RNA-binding protein Musashi homolog 1 isoform X2
maker-scaffold_14-snap-gene-129.9-mRNA-1,ENSACAP00000029579.1,68.182,5.73e-43,GATC,glutamyl-tRNA amidotransferase subunit C [SourceHGNC Symbol;AccHGNC25068],ENSPVIP00000013595.1,61.345,6.80e-42,glutamyl-tRNA amidotransferase subunit C [SourceNCBI gene;Acc110081981],XP_042297406.1,68.333,6.77e-51," glutamyl-tRNA(Gln) amidotransferase subunit C, mitochondrial isoform X1"
maker-scaffold_14-snap-gene-129.10-mRNA-1,ENSACAP00000002748.3,76.224,8.07e-75,GATC,glutamyl-tRNA amidotransferase subunit C [SourceHGNC Symbol;AccHGNC25068],ENSPVIP00000013594.1,67.257,5.03e-50,"cytochrome c oxidase subunit 6A1, mitochondrial [SourceNCBI gene;Acc110081979]",XP_042297298.1,91.743,1.82e-60," cytochrome c oxidase subunit 6A2, mitochondrial"
maker-scaffold_14-augustus-gene-130.21-mRNA-1,ENSACAP00000002647.2,84.783,4.12e-51,PLA2G1B,phospholipase A2 group IB [SourceHGNC Symbol;AccHGNC9030],ENSPVIP00000013592.1,79.121,1.68e-47,phospholipase A2 group IB [SourceNCBI gene;Acc110081973],XP_042297401.1,93.902,3.51e-52, phospholipase A2 isoform X1
augustus_masked-scaffold_14-processed-gene-130.54-mRNA-1,ENSACAP00000033298.1,59.489,1.37e-103,,,ENSPVIP00000013590.1,51.812,7.67e-89,uncharacterized LOC110082000 [SourceNCBI gene;Acc110082000],XP_042297398.1,67.509,4.08e-129, uncharacterized protein LOC121916429
maker-scaffold_14-snap-gene-130.4-mRNA-1,ENSACAP00000010903.4,80.137,0,,,ENSPVIP00000013562.1,78.082,0,apoptosis inducing factor mitochondria associated 3 [SourceNCBI gene;Acc110081989],XP_042297390.1,83.219,0, apoptosis-inducing factor 3 isoform X3
augustus_masked-scaffold_14-processed-gene-130.57-mRNA-1,ENSACAP00000030909.1,76.355,9.26e-103,,,ENSPVIP00000013065.1,78.01,7.16e-105,,XP_042297399.1,96.38,2.16e-155, transmembrane protein 17B-like
maker-scaffold_14-augustus-gene-130.41-mRNA-1,ENSACAP00000002603.2,64.085,2.98e-62,,,,,,,XP_042297396.1,78.082,3.23e-80, hydroxysteroid 11-beta-dehydrogenase 1-like protein A isoform X2
maker-scaffold_14-augustus-gene-130.44-mRNA-1,ENSACAP00000002561.4,69.359,1.21e-165,SIRT4,sirtuin 4 [SourceHGNC Symbol;AccHGNC14932],ENSPVIP00000013587.1,78.997,0,sirtuin 4 [SourceNCBI gene;Acc110081924],XP_042297394.1,91.798,0," NAD-dependent protein lipoamidase sirtuin-4, mitochondrial"
maker-scaffold_14-augustus-gene-130.45-mRNA-1,ENSACAP00000010841.3,61.702,3.63e-72,,,ENSPVIP00000013064.1,69.62,2.01e-73,purinergic receptor P2X 6 [SourceNCBI gene;Acc110081946],XP_042297393.1,81.098,5.09e-91, P2X purinoceptor 6
augustus_masked-scaffold_14-processed-gene-131.57-mRNA-1,ENSACAP00000010559.3,75.979,0,,,ENSPVIP00000013063.1,77.483,1.64e-162,leucine rich repeat containing 74B [SourceNCBI gene;Acc110081925],XP_042297391.1,89.13,0, leucine-rich repeat-containing protein 74B
maker-scaffold_14-augustus-gene-131.32-mRNA-1,ENSACAP00000010535.3,84.533,0,,,ENSPVIP00000013062.1,83.308,0,solute carrier family 7 member 4 [SourceNCBI gene;Acc110081996],XP_042298124.1,89.127,0, cationic amino acid transporter 4
maker-scaffold_14-augustus-gene-131.33-mRNA-1,ENSACAP00000010522.3,79.916,5.08e-124,,,ENSPVIP00000013061.1,80.288,2.14e-102,protein DGCR6-like [SourceNCBI gene;Acc110081945],XP_042298096.1,84.034,1.41e-138, protein DGCR6-like
maker-scaffold_14-snap-gene-131.10-mRNA-1,ENSACAP00000034734.1,79.484,0,,,ENSPVIP00000013060.1,64.64,0,scavenger receptor class F member 2 [SourceNCBI gene;Acc110081943],XP_042297926.1,84.424,0, scavenger receptor class F member 2 isoform X1
maker-scaffold_14-augustus-gene-131.43-mRNA-1,ENSACAP00000010456.3,90.637,0,,,ENSPVIP00000013059.1,82.156,3.07e-164,"proline dehydrogenase 1, mitochondrial-like [SourceNCBI gene;Acc110081942]",XP_042297612.1,97.004,0," proline dehydrogenase 1, mitochondrial-like isoform X1"
maker-scaffold_14-augustus-gene-131.47-mRNA-1,ENSACAP00000010456.3,90.576,1.54e-121,,,ENSPVIP00000013059.1,90.991,6.12e-65,"proline dehydrogenase 1, mitochondrial-like [SourceNCBI gene;Acc110081942]",XP_042297612.1,93.717,4.88e-124," proline dehydrogenase 1, mitochondrial-like isoform X1"
augustus_masked-scaffold_14-processed-gene-136.1-mRNA-1,ENSACAP00000010396.2,87.981,0,,,ENSPVIP00000008833.1,82.966,0,DNA polymerase epsilon catalytic subunit A-like [SourceNCBI gene;Acc110070912],XP_042298007.1,95.541,0, DNA polymerase epsilon catalytic subunit A isoform X1
maker-scaffold_14-augustus-gene-136.34-mRNA-1,,,,,,ENSPVIP00000008837.1,73.282,1.18e-65,peroxisomal membrane protein 2 [SourceNCBI gene;Acc110070911],XP_042298132.1,86.066,4.03e-70, peroxisomal membrane protein 2
maker-scaffold_14-snap-gene-136.15-mRNA-1,,,,,,ENSPVIP00000028296.1,51.801,9.71e-110,purinergic receptor P2X 2 [SourceNCBI gene;Acc110082885],XP_042297888.1,58.396,3.08e-144, P2X purinoceptor 2
maker-scaffold_14-augustus-gene-137.6-mRNA-1,ENSACAP00000009979.3,60.879,0,PLA2G3,phospholipase A2 group III [SourceHGNC Symbol;AccHGNC17934],ENSPVIP00000028312.1,65.158,1.86e-175,phospholipase A2 group III [SourceNCBI gene;Acc110082884],XP_042298068.1,85.563,0, group 3 secretory phospholipase A2
maker-scaffold_14-augustus-gene-137.8-mRNA-1,ENSACAP00000009905.3,69.231,5.60e-36,SELENOM,selenoprotein M [SourceHGNC Symbol;AccHGNC30397],ENSPVIP00000028315.1,64.835,8.36e-31,selenoprotein M [SourceHGNC Symbol;AccHGNC30397],XP_042297299.1,67.778,4.33e-63, selenoprotein M
maker-scaffold_14-augustus-gene-137.9-mRNA-1,ENSACAP00000009973.4,68.282,0,INPP5J,inositol polyphosphate-5-phosphatase J [SourceHGNC Symbol;AccHGNC8956],ENSPVIP00000028314.1,74.854,2.90e-76,inositol polyphosphate-5-phosphatase J [SourceNCBI gene;Acc110082915],XP_042297312.1,84.141,0," phosphatidylinositol 4,5-bisphosphate 5-phosphatase A isoform X3"
augustus_masked-scaffold_14-processed-gene-137.3-mRNA-1,,,,,,,,,,XP_042297311.1,65.517,2.99e-05," phosphatidylinositol 4,5-bisphosphate 5-phosphatase A isoform X2"
maker-scaffold_14-snap-gene-138.10-mRNA-1,ENSACAP00000041245.1,77.108,1.15e-111,,,ENSPVIP00000028316.1,59.96,0,smoothelin [SourceNCBI gene;Acc110082881],XP_042297944.1,76.687,0, smoothelin isoform X4
maker-scaffold_14-augustus-gene-140.20-mRNA-1,ENSACAP00000009822.3,74.425,0,,,ENSPVIP00000028318.1,82.201,0,MORC family CW-type zinc finger 2 [SourceNCBI gene;Acc110082888],XP_042297969.1,90.901,0, ATPase MORC2 isoform X1
augustus_masked-scaffold_14-processed-gene-140.43-mRNA-1,,,,,,,,,,,,,
maker-scaffold_14-augustus-gene-140.25-mRNA-1,ENSACAP00000009689.4,52.8,9.27e-33,,,ENSPVIP00000028320.1,53.086,1.01e-19,,XP_042298076.1,77.6,1.24e-62, zinc finger protein 34-like
maker-scaffold_14-augustus-gene-140.27-mRNA-1,,,,,,,,,,XP_042297306.1,56.1,0, uncharacterized protein LOC121916384 isoform X2
maker-scaffold_14-augustus-gene-140.32-mRNA-1,,,,,,,,,,,,,
maker-scaffold_14-augustus-gene-140.33-mRNA-1,ENSACAP00000009685.3,93.682,0,OSBP2,oxysterol binding protein 2 [SourceHGNC Symbol;AccHGNC8504],ENSPVIP00000028322.1,91.712,0,oxysterol binding protein 2 [SourceNCBI gene;Acc110082879],XP_042297237.1,98.375,0, oxysterol-binding protein 2 isoform X2
maker-scaffold_14-snap-gene-141.0-mRNA-1,ENSACAP00000009577.1,79.255,1.92e-114,,,ENSPVIP00000028324.1,90.503,9.11e-120,dual specificity phosphatase 21 [SourceHGNC Symbol;AccHGNC20476],XP_042297244.1,95.213,2.45e-135, dual specificity protein phosphatase 18
augustus_masked-scaffold_14-processed-gene-141.38-mRNA-1,ENSACAP00000022028.2,84.982,0,PES1,pescadillo ribosomal biogenesis factor 1 [SourceHGNC Symbol;AccHGNC8848],ENSPVIP00000028328.1,84.52,0,pescadillo ribosomal biogenesis factor 1 [SourceNCBI gene;Acc110082877],XP_042297735.1,91.84,0, pescadillo homolog
augustus_masked-scaffold_14-processed-gene-141.40-mRNA-1,ENSACAP00000009506.2,88.498,0,,,ENSPVIP00000028331.1,91.274,0,galactose-3-O-sulfotransferase 1 [SourceNCBI gene;Acc110082861],XP_042297845.1,93.925,0, LOW QUALITY PROTEIN: galactosylceramide sulfotransferase
maker-scaffold_14-augustus-gene-141.23-mRNA-1,ENSACAP00000009582.3,65.278,2.42e-26,,,ENSPVIP00000028323.1,61.017,1.95e-40,,XP_042297820.1,70.813,9.77e-97, uncharacterized protein C5orf52 homolog
maker-scaffold_14-augustus-gene-141.25-mRNA-1,,,,,,ENSPVIP00000028325.1,69.492,8.07e-86,synergin gamma-like [SourceNCBI gene;Acc110082867],XP_042297243.1,87.793,1.70e-134, synergin gamma-like isoform X2
maker-scaffold_14-augustus-gene-141.29-mRNA-1,ENSACAP00000009572.3,76.554,3.65e-172,SLC35E4,solute carrier family 35 member E4 [SourceHGNC Symbol;AccHGNC17058],ENSPVIP00000028326.1,81.87,0,solute carrier family 35 member E4 [SourceNCBI gene;Acc110082910],XP_042298016.1,96.884,0, solute carrier family 35 member E4
augustus_masked-scaffold_14-processed-gene-141.46-mRNA-1,,,,,,,,,,,,,
maker-scaffold_14-snap-gene-141.15-mRNA-1,ENSACAP00000009560.3,60.526,6.59e-135,TCN2,transcobalamin 2 [SourceHGNC Symbol;AccHGNC11653],ENSPVIP00000028327.1,60,4.25e-129,transcobalamin 2 [SourceNCBI gene;Acc110082901],XP_042297737.1,83.569,0, transcobalamin-2
maker-scaffold_14-snap-gene-142.0-mRNA-1,ENSACAP00000018599.3,62.5,2.13e-101,,,ENSPVIP00000028333.1,55.634,3.74e-105,zona pellucida sperm-binding protein 3-like [SourceNCBI gene;Acc110082904],XP_042297846.1,59.207,6.68e-163, zona pellucida sperm-binding protein 3-like isoform X1
maker-scaffold_14-augustus-gene-142.20-mRNA-1,,,,,,ENSPVIP00000028336.1,55.527,1.12e-138,uncharacterized LOC110082913 [SourceNCBI gene;Acc110082913],XP_042297607.1,72.61,0, uncharacterized protein LOC121916505
maker-scaffold_14-snap-gene-142.3-mRNA-1,ENSACAP00000009302.3,74.648,1.40e-139,RNF215,ring finger protein 215 [SourceHGNC Symbol;AccHGNC33434],ENSPVIP00000028341.1,77.86,1.10e-135,ring finger protein 215 [SourceNCBI gene;Acc110082893],XP_042297821.1,73.881,1.25e-121, LOW QUALITY PROTEIN: RING finger protein 215
maker-scaffold_14-augustus-gene-142.25-mRNA-1,ENSACAP00000009268.3,81.933,0,SF3A1,splicing factor 3a subunit 1 [SourceHGNC Symbol;AccHGNC10765],ENSPVIP00000028345.1,89.683,0,splicing factor 3a subunit 1 [SourceNCBI gene;Acc110082874],XP_042300194.1,77.596,3.75e-176," splicing factor 3A subunit 1-like, partial"
augustus_masked-scaffold_14-processed-gene-142.49-mRNA-1,ENSACAP00000009500.3,75.676,7.51e-72,MTFP1,mitochondrial fission process 1 [SourceHGNC Symbol;AccHGNC26945],ENSPVIP00000028337.1,71.053,3.57e-72,mitochondrial fission process 1 [SourceNCBI gene;Acc110082914],XP_042297609.1,82.993,3.23e-82, mitochondrial fission process protein 1 isoform X1
maker-scaffold_14-snap-gene-142.13-mRNA-1,ENSACAP00000009475.3,71.86,0,SEC14L2,SEC14 like lipid binding 2 [SourceHGNC Symbol;AccHGNC10699],ENSPVIP00000028339.1,69.535,0,SEC14 like lipid binding 2 [SourceNCBI gene;Acc110082880],XP_042297606.1,77.907,0, SEC14-like protein 2 isoform X2
maker-scaffold_14-snap-gene-142.15-mRNA-1,ENSACAP00000020546.2,61.866,0,CCDC157,coiled-coil domain containing 157 [SourceHGNC Symbol;AccHGNC33854],ENSPVIP00000028343.1,52.838,0,coiled-coil domain containing 157 [SourceHGNC Symbol;AccHGNC33854],XP_042300170.1,80.688,0, coiled-coil domain-containing protein 157-like isoform X2
maker-scaffold_14-snap-gene-143.0-mRNA-1,ENSACAP00000039785.1,79.806,0,EWSR1,EWS RNA binding protein 1 [SourceHGNC Symbol;AccHGNC3508],ENSPVIP00000028350.1,83.883,0,EWS RNA binding protein 1 [SourceNCBI gene;Acc110082908],XP_042297983.1,79.63,1.17e-105, LOW QUALITY PROTEIN: RNA-binding protein EWS
maker-scaffold_14-snap-gene-143.8-mRNA-1,ENSACAP00000009081.3,65.015,7.11e-136,GAS2L1,growth arrest specific 2 like 1 [SourceHGNC Symbol;AccHGNC16955],ENSPVIP00000028356.1,82.507,0,growth arrest specific 2 like 1 [SourceNCBI gene;Acc110082907],XP_042297984.1,84.071,2.70e-124, GAS2-like protein 2A
maker-scaffold_14-augustus-gene-144.16-mRNA-1,,,,,,ENSPVIP00000024430.1,94.55,0,SV2 related protein [SourceNCBI gene;Acc110083433],XP_042297897.1,97.806,0, synaptic vesicle 2-related protein isoform X4
maker-scaffold_14-augustus-gene-144.25-mRNA-1,ENSACAP00000011877.4,66.509,8.37e-93,SSH2,slingshot protein phosphatase 2 [SourceHGNC Symbol;AccHGNC30580],ENSPVIP00000024700.1,95.714,3.75e-145,slingshot protein phosphatase 1 [SourceNCBI gene;Acc110083458],XP_042297892.1,94.286,4.62e-169, protein phosphatase Slingshot homolog 1 isoform X2
maker-scaffold_14-augustus-gene-144.29-mRNA-1,ENSACAP00000009061.4,66.667,9.79e-45,AP1B1,adaptor related protein complex 1 subunit beta 1 [SourceHGNC Symbol;AccHGNC554],ENSPVIP00000028358.1,82.927,1.51e-37,adaptor related protein complex 1 subunit beta 1 [SourceHGNC Symbol;AccHGNC554],XP_042300530.1,80.488,2.52e-38, AP-1 complex subunit beta-1-like
maker-scaffold_14-snap-gene-144.12-mRNA-1,,,,,,ENSPVIP00000024321.1,54.27,8.86e-111,ubiquitin specific peptidase 30 [SourceNCBI gene;Acc110083418],XP_042298034.1,59.655,2.12e-91, ubiquitin carboxyl-terminal hydrolase 30 isoform X4
maker-scaffold_14-snap-gene-144.13-mRNA-1,,,,,,ENSPVIP00000024483.1,74.194,2.01e-83,D-amino acid oxidase [SourceNCBI gene;Acc110083399],XP_042297900.1,87.662,4.02e-101, D-amino-acid oxidase
snap_masked-scaffold_14-processed-gene-144.35-mRNA-1,ENSACAP00000015127.4,79.688,8.86e-33,,,ENSPVIP00000024483.1,79.688,1.29e-32,D-amino acid oxidase [SourceNCBI gene;Acc110083399],XP_042297900.1,87.5,3.12e-37, D-amino-acid oxidase
maker-scaffold_14-augustus-gene-145.0-mRNA-1,ENSACAP00000008290.3,66.905,0,CORO1B,coronin 1B [SourceHGNC Symbol;AccHGNC2253],ENSPVIP00000024735.1,93.689,0,coronin 1C [SourceNCBI gene;Acc110083459],XP_042297991.1,96.829,0, coronin-1C isoform X1
maker-scaffold_14-snap-gene-145.10-mRNA-1,,,,,,,,,,XP_042297996.1,78.289,0, P-selectin glycoprotein ligand 1 isoform X1
maker-scaffold_14-snap-gene-145.11-mRNA-1,ENSACAP00000034560.1,80.824,0,SART3,"spliceosome associated factor 3, U4/U6 recycling protein [SourceHGNC Symbol;AccHGNC16860]",ENSPVIP00000024739.1,79.25,0,"spliceosome associated factor 3, U4/U6 recycling protein [SourceNCBI gene;Acc110083434]",XP_042297340.1,91.525,0, squamous cell carcinoma antigen recognized by T-cells 3
augustus_masked-scaffold_14-processed-gene-145.23-mRNA-1,ENSACAP00000032331.1,90.526,1.01e-57,ISCU,iron-sulfur cluster assembly enzyme [SourceHGNC Symbol;AccHGNC29882],ENSPVIP00000024738.1,94.737,3.79e-87,iron-sulfur cluster assembly enzyme [SourceNCBI gene;Acc110083445],XP_042297366.1,81.657,3.21e-94," iron-sulfur cluster assembly enzyme ISCU, mitochondrial"
maker-scaffold_14-augustus-gene-145.6-mRNA-1,ENSACAP00000001268.3,94.737,0,FICD,FIC domain protein adenylyltransferase [SourceHGNC Symbol;AccHGNC18416],ENSPVIP00000024740.1,90.281,0,FIC domain containing [SourceNCBI gene;Acc110083413],XP_042297349.1,97.397,0, protein adenylyltransferase FICD isoform X1
augustus_masked-scaffold_14-processed-gene-146.7-mRNA-1,ENSACAP00000002769.2,97.222,6.30e-45,,,ENSPVIP00000024742.1,87.5,8.60e-40,WSC domain containing 2 [SourceNCBI gene;Acc110083457],XP_042297347.1,97.222,1.37e-44, WSC domain-containing protein 2
augustus_masked-scaffold_14-processed-gene-146.8-mRNA-1,ENSACAP00000002769.2,83.482,0,,,ENSPVIP00000024742.1,80.178,0,WSC domain containing 2 [SourceNCBI gene;Acc110083457],XP_042297347.1,89.286,0, WSC domain-containing protein 2
maker-scaffold_14-augustus-gene-146.10-mRNA-1,ENSACAP00000002714.3,75.284,0,,,ENSPVIP00000024741.1,79.33,0,chemerin chemokine-like receptor 1 [SourceNCBI gene;Acc110083400],XP_042297355.1,93.931,0, chemokine-like receptor 1 isoform X2
maker-scaffold_14-snap-gene-148.4-mRNA-1,ENSACAP00000039646.1,72.589,1.45e-86,RPH3A,rabphilin 3A [SourceHGNC Symbol;AccHGNC17056],ENSPVIP00000024745.1,50.41,1.52e-122,rabphilin 3A [SourceNCBI gene;Acc110083452],XP_042297345.1,65.567,7.83e-177, rabphilin-3A isoform X2
maker-scaffold_14-augustus-gene-149.0-mRNA-1,ENSACAP00000002991.4,92.664,7.04e-158,RPL6,ribosomal protein L6 [SourceHGNC Symbol;AccHGNC10362],ENSPVIP00000024748.1,88.462,3.93e-153,ribosomal protein L6 [SourceNCBI gene;Acc110083449],XP_042297365.1,94.981,2.43e-161, 60S ribosomal protein L6
maker-scaffold_14-augustus-gene-149.4-mRNA-1,ENSACAP00000002937.4,76.923,0,PTPN11,protein tyrosine phosphatase non-receptor type 11 [SourceHGNC Symbol;AccHGNC9644],ENSPVIP00000024747.1,76.244,0,protein tyrosine phosphatase non-receptor type 11 [SourceNCBI gene;Acc110083443],XP_042297785.1,69.979,0, tyrosine-protein phosphatase non-receptor type 11
maker-scaffold_14-augustus-gene-149.5-mRNA-1,ENSACAP00000002937.4,99.074,7.12e-72,PTPN11,protein tyrosine phosphatase non-receptor type 11 [SourceHGNC Symbol;AccHGNC9644],ENSPVIP00000024747.1,96.396,7.46e-71,protein tyrosine phosphatase non-receptor type 11 [SourceNCBI gene;Acc110083443],XP_042297785.1,100,1.29e-69, tyrosine-protein phosphatase non-receptor type 11
augustus_masked-scaffold_14-processed-gene-150.12-mRNA-1,ENSACAP00000039450.1,89.249,0,HECTD4,HECT domain E3 ubiquitin protein ligase 4 [SourceHGNC Symbol;AccHGNC26611],ENSPVIP00000025032.1,89.722,0,HECT domain E3 ubiquitin protein ligase 4 [SourceNCBI gene;Acc110083414],XP_042297339.1,98.404,0, probable E3 ubiquitin-protein ligase HECTD4
maker-scaffold_14-augustus-gene-150.4-mRNA-1,ENSACAP00000009331.4,53.464,0,TRAFD1,TRAF-type zinc finger domain containing 1 [SourceHGNC Symbol;AccHGNC24808],,,,,XP_042297320.1,71.272,0, TRAF-type zinc finger domain-containing protein 1 isoform X1
maker-scaffold_14-augustus-gene-151.3-mRNA-1,ENSACAP00000028479.1,86.921,0,NAA25,"N-alpha-acetyltransferase 25, NatB auxiliary subunit [SourceHGNC Symbol;AccHGNC25783]",ENSPVIP00000010520.1,83.736,0,"N-alpha-acetyltransferase 25, NatB auxiliary subunit [SourceNCBI gene;Acc110083856]",XP_042297317.1,91.255,0," N-alpha-acetyltransferase 25, NatB auxiliary subunit isoform X3"
maker-scaffold_14-augustus-gene-151.7-mRNA-1,ENSACAP00000009173.3,86.592,4.58e-102,TMEM116,transmembrane protein 116 [SourceHGNC Symbol;AccHGNC25084],ENSPVIP00000010528.1,63.696,3.54e-133,transmembrane protein 116 [SourceNCBI gene;Acc110083877],XP_042297662.1,73.469,0, transmembrane protein 116 isoform X1
maker-scaffold_14-augustus-gene-152.5-mRNA-1,ENSACAP00000002511.4,94.858,0,BRAP,BRCA1 associated protein [SourceHGNC Symbol;AccHGNC1099],ENSPVIP00000013639.1,92.58,0,BRCA1 associated protein [SourceNCBI gene;Acc110083854],XP_042297755.1,99.32,0, BRCA1-associated protein isoform X2
maker-scaffold_14-snap-gene-152.17-mRNA-1,ENSACAP00000009150.3,97.831,0,MAPKAPK5,MAPK activated protein kinase 5 [SourceHGNC Symbol;AccHGNC6889],ENSPVIP00000010927.1,96.529,0,MAPK activated protein kinase 5 [SourceNCBI gene;Acc110083852],XP_042297661.1,97.821,0, MAP kinase-activated protein kinase 5 isoform X2
maker-scaffold_14-snap-gene-152.18-mRNA-1,ENSACAP00000009079.3,81.749,0,ALDH2,aldehyde dehydrogenase 2 family member [SourceHGNC Symbol;AccHGNC404],ENSPVIP00000013622.1,77.419,0,aldehyde dehydrogenase 2 family member [SourceNCBI gene;Acc110083855],XP_042297760.1,89.189,0," aldehyde dehydrogenase, mitochondrial"
maker-scaffold_14-snap-gene-152.23-mRNA-1,ENSACAP00000035048.1,81.148,0,ACAD10,acyl-CoA dehydrogenase family member 10 [SourceHGNC Symbol;AccHGNC21597],ENSPVIP00000013638.1,83.615,0,acyl-CoA dehydrogenase family member 10 [SourceNCBI gene;Acc110083853],XP_042297752.1,94.585,0, acyl-CoA dehydrogenase family member 10 isoform X2
maker-scaffold_14-augustus-gene-153.26-mRNA-1,ENSACAP00000002433.3,89.583,0,ATXN2,ataxin 2 [SourceHGNC Symbol;AccHGNC10555],ENSPVIP00000013789.1,85.91,0,ataxin 2 [SourceNCBI gene;Acc110083864],XP_042297251.1,98.424,0, ataxin-2 isoform X7
maker-scaffold_14-snap-gene-153.18-mRNA-1,ENSACAP00000002297.3,70.096,2.93e-138,SH2B3,SH2B adaptor protein 3 [SourceHGNC Symbol;AccHGNC29605],ENSPVIP00000013863.1,62.346,2.37e-117,SH2B adaptor protein 3 [SourceNCBI gene;Acc110083866],XP_042297262.1,85.209,1.22e-178, SH2B adapter protein 3 isoform X3
maker-scaffold_14-augustus-gene-154.6-mRNA-1,ENSACAP00000002273.4,82.588,0,CUX2,cut like homeobox 2 [SourceHGNC Symbol;AccHGNC19347],ENSPVIP00000013870.1,79.324,0,cut like homeobox 2 [SourceNCBI gene;Acc110083888],XP_042297643.1,94.196,0, homeobox protein cut-like 2 isoform X2
maker-scaffold_14-snap-gene-155.5-mRNA-1,ENSACAP00000036927.1,90.854,2.92e-103,MYL2,myosin light chain 2 [SourceHGNC Symbol;AccHGNC7583],ENSPVIP00000013873.1,89.024,5.34e-102,myosin light chain 2 [SourceNCBI gene;Acc110083871],XP_042297850.1,90.854,4.09e-103," myosin regulatory light chain 2, ventricular/cardiac muscle isoform"
maker-scaffold_14-augustus-gene-156.14-mRNA-1,ENSACAP00000002077.3,93.605,0,PPP1CC,protein phosphatase 1 catalytic subunit gamma [SourceHGNC Symbol;AccHGNC9283],ENSPVIP00000013880.1,98.706,0,protein phosphatase 1 catalytic subunit gamma [SourceNCBI gene;Acc110083839],XP_042297334.1,93.605,0, serine/threonine-protein phosphatase PP1-gamma catalytic subunit isoform X4
maker-scaffold_14-augustus-gene-156.17-mRNA-1,ENSACAP00000001949.3,89.712,6.79e-127,HVCN1,hydrogen voltage gated channel 1 [SourceHGNC Symbol;AccHGNC28240],ENSPVIP00000013885.1,89.54,4.48e-141,hydrogen voltage gated channel 1 [SourceNCBI gene;Acc110083846],XP_042297337.1,97.071,1.53e-168, voltage-gated hydrogen channel 1
maker-scaffold_14-augustus-gene-156.20-mRNA-1,ENSACAP00000001889.3,75.449,4.18e-178,TCTN1,tectonic family member 1 [SourceHGNC Symbol;AccHGNC26113],,,,,XP_042297816.1,88.024,0, tectonic-1
maker-scaffold_14-augustus-gene-156.21-mRNA-1,ENSACAP00000001889.3,57.923,3.58e-58,TCTN1,tectonic family member 1 [SourceHGNC Symbol;AccHGNC26113],ENSPVIP00000013905.1,77.011,2.69e-44,,XP_042300627.1,66.667,4.45e-32, tectonic-1-like
maker-scaffold_14-augustus-gene-157.6-mRNA-1,ENSACAP00000001828.2,100,0,PPTC7,protein phosphatase targeting COQ7 [SourceHGNC Symbol;AccHGNC30695],ENSPVIP00000013908.1,99.327,0,protein phosphatase targeting COQ7 [SourceNCBI gene;Acc110083836],XP_042297815.1,99.569,4.57e-170, LOW QUALITY PROTEIN: protein phosphatase PTC7 homolog
maker-scaffold_14-augustus-gene-157.8-mRNA-1,ENSACAP00000025549.1,99.451,2.16e-134,,,ENSPVIP00000013915.1,98.895,8.45e-133,VPS29 retromer complex component [SourceNCBI gene;Acc110083851],XP_042298116.1,98.901,1.47e-133, vacuolar protein sorting-associated protein 29 isoform X1
maker-scaffold_14-snap-gene-157.32-mRNA-1,ENSACAP00000038573.1,96.067,0,RSRC2,arginine and serine rich coiled-coil 2 [SourceHGNC Symbol;AccHGNC30559],ENSPVIP00000014337.1,95.115,1.59e-168,arginine and serine rich coiled-coil 2 [SourceNCBI gene;Acc110083858],XP_042298115.1,98.596,0, arginine/serine-rich coiled-coil protein 2 isoform X3
maker-scaffold_14-augustus-gene-157.14-mRNA-1,ENSACAP00000001537.3,88.339,0,ZCCHC8,zinc finger CCHC-type containing 8 [SourceHGNC Symbol;AccHGNC25265],ENSPVIP00000014338.1,86.926,0,zinc finger CCHC-type containing 8 [SourceNCBI gene;Acc110083875],XP_042297789.1,87.928,0, zinc finger CCHC domain-containing protein 8 isoform X3
maker-scaffold_14-augustus-gene-157.20-mRNA-1,ENSACAP00000038351.1,82.657,6.29e-165,RAD9B,RAD9 checkpoint clamp component B [SourceHGNC Symbol;AccHGNC21700],ENSPVIP00000013914.1,63.127,7.50e-154,RAD9 checkpoint clamp component B [SourceNCBI gene;Acc110083849],XP_042297819.1,85.143,0, cell cycle checkpoint control protein RAD9B
maker-scaffold_14-augustus-gene-157.23-mRNA-1,ENSACAP00000001775.4,61.7,0,KNTC1,kinetochore associated 1 [SourceHGNC Symbol;AccHGNC17255],ENSPVIP00000014333.1,56.478,0,kinetochore associated 1 [SourceNCBI gene;Acc110083848],XP_042298111.1,83.992,0, kinetochore-associated protein 1 isoform X2
maker-scaffold_14-snap-gene-159.11-mRNA-1,ENSACAP00000035156.1,75.731,0,CLIP1,CAP-Gly domain containing linker protein 1 [SourceHGNC Symbol;AccHGNC10461],ENSPVIP00000016411.1,77.247,0,CAP-Gly domain containing linker protein 1 [SourceNCBI gene;Acc110083884],XP_042298055.1,91.944,0, CAP-Gly domain-containing linker protein 1 isoform X2
maker-scaffold_14-augustus-gene-160.2-mRNA-1,ENSACAP00000001213.2,87.315,0,VPS33A,VPS33A core subunit of CORVET and HOPS complexes [SourceHGNC Symbol;AccHGNC18179],ENSPVIP00000016546.1,86.05,0,VPS33A core subunit of CORVET and HOPS complexes [SourceNCBI gene;Acc110083843],XP_042297868.1,88.468,0, vacuolar protein sorting-associated protein 33A
maker-scaffold_14-augustus-gene-161.14-mRNA-1,ENSACAP00000000976.3,88.085,4.46e-141,DIABLO,diablo IAP-binding mitochondrial protein [SourceHGNC Symbol;AccHGNC21528],ENSPVIP00000016547.1,80.672,1.04e-139,diablo IAP-binding mitochondrial protein [SourceNCBI gene;Acc110083844],XP_042298067.1,96.234,7.02e-170," diablo homolog, mitochondrial"
augustus_masked-scaffold_14-processed-gene-161.1-mRNA-1,ENSACAP00000018709.2,88.043,0,B3GNT4,"UDP-GlcNAcbetaGal beta-1,3-N-acetylglucosaminyltransferase 4 [SourceHGNC Symbol;AccHGNC15683]",ENSPVIP00000016549.1,81.593,0,"UDP-GlcNAcbetaGal beta-1,3-N-acetylglucosaminyltransferase 4 [SourceNCBI gene;Acc110083863]",XP_042298129.1,95.055,0," N-acetyllactosaminide beta-1,3-N-acetylglucosaminyltransferase 4"
maker-scaffold_14-augustus-gene-161.23-mRNA-1,ENSACAP00000011300.3,88.679,0,MLXIP,MLX interacting protein [SourceHGNC Symbol;AccHGNC17055],ENSPVIP00000016558.1,76.648,0,MLX interacting protein [SourceNCBI gene;Acc110083820],XP_042297554.1,89.855,0, MLX-interacting protein isoform X2
maker-scaffold_14-snap-gene-162.8-mRNA-1,ENSACAP00000011079.3,82.258,0,HPD,4-hydroxyphenylpyruvate dioxygenase [SourceHGNC Symbol;AccHGNC5147],ENSPVIP00000016565.1,78.626,0,4-hydroxyphenylpyruvate dioxygenase [SourceNCBI gene;Acc110083879],XP_042297875.1,81.934,0, 4-hydroxyphenylpyruvate dioxygenase isoform X1
maker-scaffold_14-augustus-gene-162.3-mRNA-1,ENSACAP00000011232.2,91.623,2.83e-123,BCL7A,BAF chromatin remodeling complex subunit BCL7A [SourceHGNC Symbol;AccHGNC1004],ENSPVIP00000016559.1,93.396,1.58e-118,BAF chromatin remodeling complex subunit BCL7A [SourceNCBI gene;Acc110083876],XP_042297327.1,98.578,1.25e-148, B-cell CLL/lymphoma 7 protein family member A
snap_masked-scaffold_14-processed-gene-162.22-mRNA-1,ENSACAP00000011209.4,71.429,1.35e-32,CFAP251,cilia and flagella associated protein 251 [SourceHGNC Symbol;AccHGNC28506],ENSPVIP00000016561.1,70.27,4.60e-33,WD repeat domain 66 [SourceNCBI gene;Acc110083893],XP_042297325.1,85.714,1.54e-41, cilia- and flagella-associated protein 251
maker-scaffold_14-augustus-gene-162.4-mRNA-1,ENSACAP00000011209.4,63.557,1.56e-143,CFAP251,cilia and flagella associated protein 251 [SourceHGNC Symbol;AccHGNC28506],,,,,XP_042297325.1,68.064,0, cilia- and flagella-associated protein 251
maker-scaffold_14-snap-gene-162.14-mRNA-1,ENSACAP00000011138.3,72.689,1.20e-117,PSMD9,"proteasome 26S subunit, non-ATPase 9 [SourceHGNC Symbol;AccHGNC9567]",ENSPVIP00000016563.1,79.524,2.79e-119,"proteasome 26S subunit, non-ATPase 9 [SourceNCBI gene;Acc110083880]",XP_042297879.1,89.048,1.04e-133, 26S proteasome non-ATPase regulatory subunit 9 isoform X2
maker-scaffold_14-augustus-gene-163.12-mRNA-1,ENSACAP00000010922.3,89.109,1.13e-129,RHOF,"ras homolog family member F, filopodia associated [SourceHGNC Symbol;AccHGNC15703]",ENSPVIP00000016568.1,90.909,1.19e-137,"ras homolog family member F, filopodia associated [SourceNCBI gene;Acc110083832]",XP_042297633.1,89.61,1.30e-147, rho-related GTP-binding protein RhoF
maker-scaffold_14-snap-gene-163.3-mRNA-1,,,,,,ENSPVIP00000016572.1,65.041,3.89e-113,MORN repeat containing 3 [SourceNCBI gene;Acc110083831],XP_042297697.1,84.898,7.81e-150, MORN repeat-containing protein 3 isoform X1
maker-scaffold_14-snap-gene-163.5-mRNA-1,ENSACAP00000010977.4,81.085,0,SETD1B,"SET domain containing 1B, histone lysine methyltransferase [SourceHGNC Symbol;AccHGNC29187]",ENSPVIP00000016567.1,80.657,0,"SET domain containing 1B, histone lysine methyltransferase [SourceNCBI gene;Acc110083882]",XP_042297880.1,88.762,0, LOW QUALITY PROTEIN: histone-lysine N-methyltransferase SETD1B
maker-scaffold_14-snap-gene-163.7-mRNA-1,ENSACAP00000010977.4,93.519,0,SETD1B,"SET domain containing 1B, histone lysine methyltransferase [SourceHGNC Symbol;AccHGNC29187]",ENSPVIP00000016567.1,87.395,0,"SET domain containing 1B, histone lysine methyltransferase [SourceNCBI gene;Acc110083882]",XP_042297880.1,96.694,0, LOW QUALITY PROTEIN: histone-lysine N-methyltransferase SETD1B
maker-scaffold_14-augustus-gene-163.24-mRNA-1,,,,,,,,,,,,,
maker-scaffold_14-augustus-gene-163.26-mRNA-1,ENSACAP00000001584.3,58.879,2.52e-110,TMEM120A,transmembrane protein 120A [SourceHGNC Symbol;AccHGNC21697],ENSPVIP00000016570.1,92.698,0,calcium release-activated calcium channel protein 1 [SourceNCBI gene;Acc110083830],XP_042297884.1,99.683,0, transmembrane protein 120B isoform X1
maker-scaffold_14-snap-gene-163.0-mRNA-1,,,,,,,,,,,,,
maker-scaffold_14-augustus-gene-164.0-mRNA-1,ENSACAP00000034750.1,85.333,1.07e-36,KDM2B,lysine demethylase 2B [SourceHGNC Symbol;AccHGNC13610],ENSPVIP00000016822.1,94.667,1.18e-42,lysine demethylase 2B [SourceNCBI gene;Acc110083885],XP_042299749.1,92,3.00e-44," lysine-specific demethylase 2B-like, partial"
maker-scaffold_14-snap-gene-164.13-mRNA-1,ENSACAP00000024211.1,86.334,0,KDM2B,lysine demethylase 2B [SourceHGNC Symbol;AccHGNC13610],ENSPVIP00000016825.1,88.743,0,lysine demethylase 2B [SourceNCBI gene;Acc110083885],XP_042297615.1,96.136,0, lysine-specific demethylase 2B isoform X2
maker-scaffold_14-augustus-gene-164.10-mRNA-1,ENSACAP00000001754.4,87.94,2.65e-129,,,ENSPVIP00000016826.1,85.714,4.78e-126,ring finger protein 34 [SourceNCBI gene;Acc110083886],XP_042297804.1,73.851,4.06e-178, E3 ubiquitin-protein ligase RNF34 isoform X2
maker-scaffold_14-snap-gene-165.12-mRNA-1,ENSACAP00000018279.3,93.023,2.15e-82,,,ENSPVIP00000016827.1,79.048,0,anaphase promoting complex subunit 5 [SourceNCBI gene;Acc110083821],XP_042297986.1,82.99,0, anaphase-promoting complex subunit 5
maker-scaffold_14-snap-gene-165.15-mRNA-1,ENSACAP00000007055.4,50.235,6.98e-59,,,ENSPVIP00000016828.1,68.566,0,calcium/calmodulin dependent protein kinase kinase 2 [SourceNCBI gene;Acc110083818],XP_042297511.1,81.565,0, calcium/calmodulin-dependent protein kinase kinase 2 isoform X6
maker-scaffold_14-snap-gene-165.17-mRNA-1,ENSACAP00000002711.4,88.043,1.54e-117,,,ENSPVIP00000008741.1,86.667,4.31e-114,vacuolar protein sorting-associated protein 29-like [SourceNCBI gene;Acc110070886],XP_042297784.1,93.478,1.53e-124, vacuolar protein sorting-associated protein 29-like
maker-scaffold_14-snap-gene-165.20-mRNA-1,ENSACAP00000022948.2,66.667,1.83e-59,,immunoglobulin lambda variable 11-55 (non-functional) [SourceHGNC Symbol;AccHGNC5886],ENSPVIP00000014816.1,70.37,2.87e-59,,XP_042297764.1,65.254,2.73e-46, immunoglobulin lambda-1 light chain-like isoform X1
maker-scaffold_14-augustus-gene-165.9-mRNA-1,ENSACAP00000038120.1,69.466,2.78e-60,,,ENSPVIP00000014816.1,63.636,4.71e-43,,XP_042297764.1,92,1.41e-79, immunoglobulin lambda-1 light chain-like isoform X1
maker-scaffold_14-augustus-gene-166.14-mRNA-1,ENSACAP00000002686.3,66.102,3.15e-48,,,ENSPVIP00000004777.1,72.449,2.63e-48,,XP_042297776.1,51.852,9.14e-31, immunoglobulin lambda-1 light chain-like isoform X12
maker-scaffold_14-augustus-gene-166.16-mRNA-1,ENSACAP00000023295.2,63.248,3.85e-54,,,ENSPVIP00000014820.1,71.901,1.28e-58,,XP_042297777.1,64.228,1.09e-50, immunoglobulin lambda-1 light chain-like isoform X13
maker-scaffold_14-snap-gene-166.3-mRNA-1,ENSACAP00000034178.1,72.308,8.47e-58,,,ENSPVIP00000006007.1,65.753,3.91e-58,,,,,
maker-scaffold_14-snap-gene-166.2-mRNA-1,ENSACAP00000036579.1,70.833,5.45e-51,,,ENSPVIP00000010631.1,61.594,5.91e-52,,XP_042297771.1,74.419,3.05e-62, immunoglobulin lambda-1 light chain-like isoform X7
maker-scaffold_14-snap-gene-166.0-mRNA-1,ENSACAP00000002686.3,73,5.63e-49,,,ENSPVIP00000004777.1,65.217,1.41e-36,,,,,
maker-scaffold_14-snap-gene-167.8-mRNA-1,ENSACAP00000029328.1,75.63,9.78e-61,,,ENSPVIP00000004758.1,82.906,4.58e-68,,XP_042297766.1,51.261,7.86e-31, immunoglobulin lambda-1 light chain-like isoform X3
maker-scaffold_14-snap-gene-167.10-mRNA-1,ENSACAP00000022155.2,65.625,4.98e-51,,,ENSPVIP00000004815.1,65.116,1.12e-52,,XP_042297387.1,53.388,0, immunoglobulin mu heavy chain-like
maker-scaffold_14-snap-gene-167.12-mRNA-1,ENSACAP00000002676.3,76.667,1.43e-48,,,ENSPVIP00000003904.1,67.416,6.42e-40,,XP_042297768.1,93.333,2.41e-57, immunoglobulin lambda-1 light chain-like isoform X4
maker-scaffold_14-augustus-gene-168.4-mRNA-1,ENSACAP00000002669.4,63.121,4.36e-126,,,ENSPVIP00000003899.1,63.669,1.74e-118,carbonic anhydrase 15-like [SourceNCBI gene;Acc110070136],XP_042297967.1,78.369,1.17e-148, carbonic anhydrase 15-like isoform X1
maker-scaffold_14-snap-gene-168.0-mRNA-1,ENSACAP00000002676.3,77.228,7.67e-54,,,ENSPVIP00000003904.1,64.762,9.71e-44,,XP_042297768.1,80.645,1.02e-67, immunoglobulin lambda-1 light chain-like isoform X4
augustus_masked-scaffold_14-processed-gene-169.8-mRNA-1,ENSACAP00000036649.1,89.818,0,,,ENSPVIP00000007640.1,89.695,1.01e-178,,XP_042297813.1,97.455,0, testis-specific serine/threonine-protein kinase 2-like
augustus_masked-scaffold_14-processed-gene-169.9-mRNA-1,ENSACAP00000034393.1,95.522,0,,,ENSPVIP00000007639.1,89.851,0,testis-specific serine/threonine-protein kinase 1-like [SourceNCBI gene;Acc110090732],XP_042297929.1,97.91,0, testis-specific serine/threonine-protein kinase 1-like
augustus_masked-scaffold_14-processed-gene-169.10-mRNA-1,ENSACAP00000020770.2,80.627,0,,,ENSPVIP00000007638.1,81.586,0,testis specific serine kinase 2 [SourceNCBI gene;Acc110090726],XP_042297887.1,96.286,0, testis-specific serine/threonine-protein kinase 2
augustus_masked-scaffold_14-processed-gene-169.11-mRNA-1,ENSACAP00000002639.3,95.397,0,,,ENSPVIP00000007641.1,93.933,0,DiGeorge syndrome critical region gene 2 [SourceNCBI gene;Acc110090729],XP_042297549.1,98.316,0, integral membrane protein DGCR2/IDD isoform X2
maker-scaffold_14-snap-gene-170.0-mRNA-1,ENSACAP00000022383.1,71.831,0,,,,,,,XP_042297558.1,74.319,0, thyroid adenoma-associated protein homolog isoform X3
maker-scaffold_14-augustus-gene-170.42-mRNA-1,ENSACAP00000002554.3,97.444,0,ESS2,ess-2 splicing factor homolog [SourceHGNC Symbol;AccHGNC16817],ENSPVIP00000007637.1,95.847,0,ess-2 splicing factor homolog [SourceNCBI gene;Acc110090733],XP_042297562.1,99.681,0, splicing factor ESS-2 homolog
maker-scaffold_14-augustus-gene-170.43-mRNA-1,ENSACAP00000002554.3,91.339,6.10e-74,ESS2,ess-2 splicing factor homolog [SourceHGNC Symbol;AccHGNC16817],ENSPVIP00000007637.1,85.612,8.22e-76,ess-2 splicing factor homolog [SourceNCBI gene;Acc110090733],XP_042297562.1,97.183,3.34e-90, splicing factor ESS-2 homolog
maker-scaffold_14-snap-gene-170.13-mRNA-1,,,,,,,,,,,,,
maker-scaffold_14-augustus-gene-170.48-mRNA-1,ENSACAP00000031718.1,92.222,2.02e-119,,,ENSPVIP00000007634.1,80.769,3.47e-160,somatomedin-B and thrombospondin type-1 domain-containing protein-like [SourceNCBI gene;Acc110090731],XP_042297922.1,96.629,0, somatomedin-B and thrombospondin type-1 domain-containing protein-like isoform X1
maker-scaffold_14-snap-gene-170.18-mRNA-1,ENSACAP00000002479.3,69.534,1.91e-131,SLC25A1,solute carrier family 25 member 1 [SourceHGNC Symbol;AccHGNC10979],ENSPVIP00000007633.1,72.401,6.19e-138,solute carrier family 25 member 1 [SourceNCBI gene;Acc110090730],XP_042297545.1,73.835,1.07e-138," tricarboxylate transport protein, mitochondrial"
maker-scaffold_14-augustus-gene-171.4-mRNA-1,ENSACAP00000038925.1,98.726,0,CLTCL1,clathrin heavy chain like 1 [SourceHGNC Symbol;AccHGNC2093],ENSPVIP00000026891.1,89.158,0,clathrin heavy chain [SourceNCBI gene;Acc110075547],XP_042297666.1,99.636,0, clathrin heavy chain 2 isoform X2
maker-scaffold_14-snap-gene-171.3-mRNA-1,ENSACAP00000038589.1,79.608,2.89e-143,SNAP29,,ENSPVIP00000015181.1,79.608,7.78e-137,synaptosome associated protein 29 [SourceNCBI gene;Acc110070012],XP_042297921.1,89.412,7.92e-163, synaptosomal-associated protein 29
maker-scaffold_14-augustus-gene-172.6-mRNA-1,ENSACAP00000036093.1,92.082,0,,,ENSPVIP00000015278.1,91.202,0,phosphatidylinositol 4-kinase alpha [SourceNCBI gene;Acc110070013],XP_042297381.1,92.815,0, phosphatidylinositol 4-kinase alpha
maker-scaffold_14-snap-gene-172.9-mRNA-1,ENSACAP00000002155.2,90.65,0,SERPIND1,serpin family D member 1 [SourceHGNC Symbol;AccHGNC4838],ENSPVIP00000015360.1,83.503,0,serpin family D member 1 [SourceNCBI gene;Acc110070010],XP_042297382.1,98.374,0, heparin cofactor 2
maker-scaffold_14-augustus-gene-174.10-mRNA-1,ENSACAP00000025803.1,98.649,3.85e-107,,ubiquitin conjugating enzyme E2 L3 [SourceHGNC Symbol;AccHGNC12488],ENSPVIP00000033805.1,97.973,2.73e-107,ubiquitin conjugating enzyme E2 L3 [SourceNCBI gene;Acc110088658],XP_042297649.1,98.649,7.48e-108, ubiquitin-conjugating enzyme E2 L3 isoform X1
maker-scaffold_14-augustus-gene-174.13-mRNA-1,ENSACAP00000001625.3,82.334,0,YDJC,YdjC chitooligosaccharide deacetylase homolog [SourceHGNC Symbol;AccHGNC27158],ENSPVIP00000000281.1,61.392,2.16e-123,YdjC chitooligosaccharide deacetylase homolog [SourceNCBI gene;Acc110088660],XP_042297329.1,93.691,0, carbohydrate deacetylase isoform X2
maker-scaffold_14-snap-gene-175.4-mRNA-1,ENSACAP00000041134.1,68.307,3.09e-172,,,ENSPVIP00000000293.1,62.62,0,coiled-coil domain containing 116 [SourceNCBI gene;Acc110088652],XP_042297809.1,83.12,0, coiled-coil domain-containing protein 116
maker-scaffold_14-augustus-gene-175.9-mRNA-1,ENSACAP00000001591.2,94.969,1.44e-104,,stromal cell derived factor 2 like 1 [SourceHGNC Symbol;AccHGNC10676],ENSPVIP00000000309.1,93.082,4.66e-104,stromal cell derived factor 2 like 1 [SourceNCBI gene;Acc110088662],XP_042298121.1,98.113,4.64e-117, stromal cell-derived factor 2-like protein 1
maker-scaffold_14-augustus-gene-176.5-mRNA-1,ENSACAP00000001569.1,91.763,0,TOP3B,DNA topoisomerase III beta [SourceHGNC Symbol;AccHGNC11993],ENSPVIP00000000940.1,83.063,0,DNA topoisomerase III beta [SourceNCBI gene;Acc110088653],XP_042297990.1,92.562,0, DNA topoisomerase 3-beta-1
maker-scaffold_14-augustus-gene-176.7-mRNA-1,ENSACAP00000001435.3,84.368,0,PPM1F,"protein phosphatase, Mg2+/Mn2+ dependent 1F [SourceHGNC Symbol;AccHGNC19388]",ENSPVIP00000000943.1,88.255,0,"protein phosphatase, Mg2+/Mn2+ dependent 1F [SourceNCBI gene;Acc110088655]",XP_042298018.1,95.455,0, protein phosphatase 1F
maker-scaffold_14-augustus-gene-177.2-mRNA-1,ENSACAP00000001346.3,90.258,0,MAPK1,mitogen-activated protein kinase 1 [SourceHGNC Symbol;AccHGNC6871],ENSPVIP00000000947.1,91.404,0,mitogen-activated protein kinase 1 [SourceNCBI gene;Acc110088651],XP_042327607.1,84.483,0, mitogen-activated protein kinase 3
maker-scaffold_14-snap-gene-177.1-mRNA-1,ENSACAP00000001285.2,90.728,1.02e-100,YPEL1,yippee like 1 [SourceHGNC Symbol;AccHGNC12845],ENSPVIP00000000954.1,92.248,3.76e-86,yippee like 1 [SourceNCBI gene;Acc110088657],XP_042297750.1,92.248,4.73e-86, protein yippee-like 1 isoform X2
maker-scaffold_14-augustus-gene-178.6-mRNA-1,ENSACAP00000001278.3,67.568,1.04e-29,PPIL2,peptidylprolyl isomerase like 2 [SourceHGNC Symbol;AccHGNC9261],ENSPVIP00000000974.1,76.596,1.37e-65,peptidylprolyl isomerase like 2 [SourceNCBI gene;Acc110088659],XP_042297852.1,81.56,1.28e-60, RING-type E3 ubiquitin-protein ligase PPIL2
maker-scaffold_14-snap-gene-179.8-mRNA-1,ENSACAP00000025827.1,86.111,1.72e-104,MRPL40,,ENSPVIP00000008134.1,76.111,1.59e-83,mitochondrial ribosomal protein L40 [SourceNCBI gene;Acc110085359],XP_042297974.1,95,1.76e-123," 39S ribosomal protein L40, mitochondrial"
maker-scaffold_14-augustus-gene-179.18-mRNA-1,ENSACAP00000000775.1,85.43,0,CDC45,cell division cycle 45 [SourceHGNC Symbol;AccHGNC1739],ENSPVIP00000008130.1,84.868,0,cell division cycle 45 [SourceNCBI gene;Acc110085351],XP_042298133.1,90.265,0, cell division control protein 45 homolog
maker-scaffold_14-snap-gene-179.11-mRNA-1,ENSACAP00000001102.3,97.741,0,,,ENSPVIP00000001195.1,80.142,0,protein HIRA-like [SourceNCBI gene;Acc110088656],XP_042297873.1,99.502,0, protein HIRA isoform X1
maker-scaffold_14-snap-gene-179.13-mRNA-1,ENSACAP00000026206.1,80.488,1.63e-19,C22orf39,chromosome 22 open reading frame 39 [SourceHGNC Symbol;AccHGNC27012],ENSPVIP00000008133.1,73.171,2.23e-17,chromosome unknown C22orf39 homolog [SourceNCBI gene;Acc110085360],XP_042297975.1,95.122,1.25e-21, UPF0545 protein C22orf39 homolog
maker-scaffold_14-snap-gene-179.15-mRNA-1,ENSACAP00000024490.1,86.601,0,UFD1,ubiquitin recognition factor in ER associated degradation 1 [SourceHGNC Symbol;AccHGNC12520],ENSPVIP00000008132.1,90.85,0,ubiquitin recognition factor in ER associated degradation 1 [SourceNCBI gene;Acc110085357],XP_042298001.1,91.503,0, ubiquitin recognition factor in ER-associated degradation protein 1
maker-scaffold_14-augustus-gene-180.1-mRNA-1,ENSACAP00000000643.2,98.667,0,,,ENSPVIP00000008127.1,98.667,0,septin-2 [SourceNCBI gene;Acc110085354],XP_042297378.1,99.333,0, septin-2 isoform X1
maker-scaffold_14-snap-gene-181.5-mRNA-1,ENSACAP00000000639.4,95.798,0,SEPTIN5,septin 5 [SourceHGNC Symbol;AccHGNC9164],ENSPVIP00000008122.1,97.297,0,septin 5 [SourceNCBI gene;Acc110085353],XP_042297372.1,97.472,0, septin-5 isoform X2
maker-scaffold_14-snap-gene-184.4-mRNA-1,ENSACAP00000008397.3,55.856,1.50e-79,,,ENSPVIP00000008062.1,66.038,0,T-box transcription factor 1 [SourceNCBI gene;Acc110085355],XP_042297264.1,71.552,0, T-box transcription factor TBX1 isoform X2
maker-scaffold_14-augustus-gene-184.12-mRNA-1,,,,,,ENSPVIP00000008018.1,80.851,0,G protein subunit beta 1 like [SourceNCBI gene;Acc110085363],XP_042297909.1,97.554,0, guanine nucleotide-binding protein subunit beta-like protein 1 isoform X1
augustus_masked-scaffold_14-processed-gene-186.5-mRNA-1,,,,,,ENSPVIP00000008013.1,85.985,9.23e-175,catechol-O-methyltransferase [SourceNCBI gene;Acc110085362],XP_042297500.1,98.864,0, catechol O-methyltransferase isoform X3
maker-scaffold_14-augustus-gene-194.8-mRNA-1,ENSACAP00000007897.1,94.128,0,,,ENSPVIP00000022153.1,95.638,0,DGCR8 microprocessor complex subunit [SourceNCBI gene;Acc110087923],XP_042298023.1,98.49,0, microprocessor complex subunit DGCR8
maker-scaffold_14-augustus-gene-195.10-mRNA-1,ENSACAP00000007812.3,96.739,1.33e-121,RANBP1,RAN binding protein 1 [SourceHGNC Symbol;AccHGNC9847],ENSPVIP00000022044.1,95.628,2.76e-129,RAN binding protein 1 [SourceNCBI gene;Acc110087915],XP_042298092.1,98.537,2.70e-146, ran-specific GTPase-activating protein isoform X1
maker-scaffold_14-augustus-gene-195.13-mRNA-1,ENSACAP00000007850.4,80.451,0,,,ENSPVIP00000022150.1,79.911,0,tRNA methyltransferase 2 homolog A [SourceNCBI gene;Acc110087918],XP_042298091.1,89.275,0, tRNA (uracil-5-)-methyltransferase homolog A
maker-scaffold_14-augustus-gene-196.6-mRNA-1,ENSACAP00000007780.4,85.185,0,,,ENSPVIP00000022043.1,82.564,0,zinc finger DHHC-type palmitoyltransferase 8 [SourceNCBI gene;Acc110087926],XP_042298089.1,88.431,0, palmitoyltransferase ZDHHC8
maker-scaffold_14-augustus-gene-196.10-mRNA-1,ENSACAP00000007722.3,95.111,4.48e-160,PGAM5,"PGAM family member 5, mitochondrial serine/threonine protein phosphatase [SourceHGNC Symbol;AccHGNC28763]",ENSPVIP00000022042.1,92.889,2.90e-150,zinc finger DHHC-type palmitoyltransferase 8 [SourceNCBI gene;Acc110087926],XP_042297385.1,98.222,1.01e-166," serine/threonine-protein phosphatase PGAM5, mitochondrial isoform X1"
maker-scaffold_14-augustus-gene-197.13-mRNA-1,ENSACAP00000007705.3,81.847,0,ANKLE2,ankyrin repeat and LEM domain containing 2 [SourceHGNC Symbol;AccHGNC29101],ENSPVIP00000022041.1,76.293,0,ankyrin repeat and LEM domain containing 2 [SourceNCBI gene;Acc110087924],XP_042297384.1,94.674,0, ankyrin repeat and LEM domain-containing protein 2 isoform X2
maker-scaffold_14-snap-gene-197.11-mRNA-1,ENSACAP00000007652.3,88.653,0,GOLGA3,golgin A3 [SourceHGNC Symbol;AccHGNC4426],ENSPVIP00000022032.1,80.883,0,golgin A3 [SourceNCBI gene;Acc110087917],XP_042297948.1,93.576,0, golgin subfamily A member 3 isoform X1
maker-scaffold_14-snap-gene-198.1-mRNA-1,,,,,,,,,,XP_042298012.1,87.712,0, uncharacterized protein LOC121916709 isoform X3
maker-scaffold_14-augustus-gene-199.1-mRNA-1,ENSACAP00000007588.3,78.535,0,CHFR,checkpoint with forkhead and ring finger domains [SourceHGNC Symbol;AccHGNC20455],ENSPVIP00000021697.1,71.959,0,checkpoint with forkhead and ring finger domains [SourceNCBI gene;Acc110087922],XP_042297546.1,88.055,0, LOW QUALITY PROTEIN: E3 ubiquitin-protein ligase CHFR
maker-scaffold_14-snap-gene-200.8-mRNA-1,ENSACAP00000028818.1,92.697,0,FBRSL1,fibrosin like 1 [SourceHGNC Symbol;AccHGNC29308],ENSPVIP00000021690.1,92.007,0,autism susceptibility gene 2 protein-like [SourceNCBI gene;Acc110087928],XP_042297601.1,95.336,0, autism susceptibility gene 2 protein-like isoform X14
maker-scaffold_14-augustus-gene-205.5-mRNA-1,,,,,,ENSPVIP00000028366.1,82.888,2.46e-114,nipsnap homolog 1 [SourceNCBI gene;Acc110082883],XP_042297640.1,86.096,1.89e-116, protein NipSnap homolog 1
maker-scaffold_14-augustus-gene-205.6-mRNA-1,ENSACAP00000037222.1,60.75,0,NF2,neurofibromin 2 [SourceHGNC Symbol;AccHGNC7773],ENSPVIP00000028367.1,55.941,1.94e-174,neurofibromin 2 [SourceNCBI gene;Acc110082876],XP_042297639.1,56.648,5.84e-178, merlin isoform X3
maker-scaffold_14-augustus-gene-206.17-mRNA-1,ENSACAP00000002647.2,72.549,1.72e-19,PLA2G1B,phospholipase A2 group IB [SourceHGNC Symbol;AccHGNC9030],ENSPVIP00000013592.1,69.231,1.22e-20,phospholipase A2 group IB [SourceNCBI gene;Acc110081973],XP_042297641.1,72.619,1.34e-27, phospholipase A2 GL16-1-like
maker-scaffold_14-snap-gene-206.0-mRNA-1,ENSACAP00000008903.1,70.732,0,THOC5,THO complex 5 [SourceHGNC Symbol;AccHGNC19074],ENSPVIP00000028364.1,74.248,0,THO complex 5 [SourceNCBI gene;Acc110082875],XP_042298042.1,78.947,0, THO complex subunit 5 homolog isoform X1
maker-scaffold_14-snap-gene-206.7-mRNA-1,ENSACAP00000008734.3,82.209,3.09e-94,NF2,neurofibromin 2 [SourceHGNC Symbol;AccHGNC7773],,,,,XP_042297639.1,82.209,5.63e-94, merlin isoform X3
maker-scaffold_14-augustus-gene-206.29-mRNA-1,ENSACAP00000039738.1,62.332,1.78e-88,,,ENSPVIP00000028373.1,92.377,1.09e-151,calcium binding protein 7 [SourceNCBI gene;Acc110082899],XP_042300379.1,97.872,1.16e-62," calcium-binding protein 7-like, partial"
maker-scaffold_14-augustus-gene-206.33-mRNA-1,,,,,,,,,,XP_042300066.1,66.412,8.32e-96," neurofilament heavy polypeptide-like, partial"
maker-scaffold_14-augustus-gene-206.34-mRNA-1,ENSACAP00000026328.1,64.865,3.24e-27,,,ENSPVIP00000028372.1,67.532,1.55e-31,cell death inducing DFFA like effector c [SourceNCBI gene;Acc110082862],XP_042300388.1,69.608,4.01e-38, cell death activator CIDE-3-like
maker-scaffold_14-augustus-gene-207.11-mRNA-1,ENSACAP00000000603.3,61.099,0,,,ENSPVIP00000028384.1,77.378,0,myotubularin related protein 3 [SourceNCBI gene;Acc110082863],XP_042299763.1,76.299,0, myotubularin-related protein 3-like isoform X2
maker-scaffold_14-augustus-gene-207.14-mRNA-1,ENSACAP00000012281.4,62.857,5.18e-07,RNF5,ring finger protein 5 [SourceHGNC Symbol;AccHGNC10068],,,,,,,,
maker-scaffold_14-snap-gene-207.9-mRNA-1,,,,,,ENSPVIP00000013799.1,53.333,1.78e-37,LIM domain kinase 2 [SourceNCBI gene;Acc110081951],XP_042334937.1,66.055,2.51e-39, LIM domain kinase 2-like
maker-scaffold_14-snap-gene-207.10-mRNA-1,ENSACAP00000007341.4,59.712,1.15e-113,,,ENSPVIP00000013799.1,78.041,3.07e-165,LIM domain kinase 2 [SourceNCBI gene;Acc110081951],XP_042300127.1,80.07,4.56e-170, LIM domain kinase 2
maker-scaffold_14-snap-gene-208.12-mRNA-1,,,,,,ENSPVIP00000013833.1,70.956,6.50e-105,eukaryotic translation initiation factor 4E nuclear import factor 1 [SourceNCBI gene;Acc110081936],XP_042335065.1,74.17,6.23e-111, eukaryotic translation initiation factor 4E transporter isoform X1
maker-scaffold_14-augustus-gene-208.10-mRNA-1,ENSACAP00000002732.3,67.188,6.92e-23,,phosphatidylserine decarboxylase [SourceHGNC Symbol;AccHGNC8999],ENSPVIP00000013848.1,65.865,1.46e-180,phosphatidylserine decarboxylase [SourceNCBI gene;Acc110081937],XP_042335073.1,67.314,2.43e-132," phosphatidylserine decarboxylase proenzyme, mitochondrial"
maker-scaffold_14-snap-gene-209.9-mRNA-1,ENSACAP00000002692.3,73.955,0,DEPDC5,"DEP domain containing 5, GATOR1 subcomplex subunit [SourceHGNC Symbol;AccHGNC18423]",ENSPVIP00000013854.1,96.154,7.34e-10,,XP_042300181.1,70,1.39e-171, GATOR complex protein DEPDC5-like
maker-scaffold_14-augustus-gene-209.1-mRNA-1,,,,,,,,,,,,,
maker-scaffold_14-snap-gene-209.10-mRNA-1,ENSACAP00000040927.1,58,1.28e-70,,,ENSPVIP00000013866.1,80.233,5.36e-79,solute carrier family 5 member 1 [SourceNCBI gene;Acc110082003],XP_042331761.1,58.5,7.85e-71, sodium/glucose cotransporter 2 isoform X2
maker-scaffold_14-augustus-gene-209.3-mRNA-1,ENSACAP00000002529.3,60.355,1.42e-69,,,,,,,XP_042334834.1,69.231,1.77e-78, sodium/glucose cotransporter 1-like
maker-scaffold_14-snap-gene-209.11-mRNA-1,,,,,,ENSPVIP00000013940.1,52.055,1.24e-11,guanylyl cyclase domain containing 1 [SourceNCBI gene;Acc110081938],XP_042334462.1,56.667,6.52e-63, protein GUCD1 isoform X1
maker-scaffold_14-augustus-gene-209.5-mRNA-1,ENSACAP00000002140.2,50.82,4.53e-47,,,ENSPVIP00000013869.1,69.849,3.42e-90,radial spoke head 14 homolog [SourceNCBI gene;Acc110081955],XP_042335078.1,75.879,1.60e-90, radial spoke head 14 homolog
maker-scaffold_14-snap-gene-209.13-mRNA-1,ENSACAP00000003121.3,75.309,1.97e-160,ADORA2A,adenosine A2a receptor [SourceHGNC Symbol;AccHGNC263],ENSPVIP00000013916.1,69.54,1.00e-159,adenosine A2a receptor [SourceNCBI gene;Acc110081998],XP_042334458.1,78.571,0, adenosine receptor A2a-like
maker-scaffold_14-snap-gene-210.6-mRNA-1,ENSACAP00000003305.3,69.93,0,,,ENSPVIP00000013960.1,73.555,0,gamma-glutamyltransferase 1 [SourceNCBI gene;Acc110081928],XP_042334453.1,86.865,0, glutathione hydrolase 1 proenzyme
maker-scaffold_14-snap-gene-210.7-mRNA-1,ENSACAP00000003108.3,55.82,0,SPECC1L,sperm antigen with calponin homology and coiled-coil domains 1 like [SourceHGNC Symbol;AccHGNC29022],ENSPVIP00000013912.1,60.711,0,sperm antigen with calponin homology and coiled-coil domains 1 like [SourceNCBI gene;Acc110081983],XP_042334447.1,67.526,0, cytospin-A isoform X2
maker-scaffold_14-snap-gene-210.8-mRNA-1,ENSACAP00000003008.3,86.014,0,,,ENSPVIP00000013899.1,84.382,0,BCR activator of RhoGEF and GTPase [SourceNCBI gene;Acc110081985],XP_042335491.1,85.315,0, LOW QUALITY PROTEIN: breakpoint cluster region protein
maker-scaffold_14-augustus-gene-210.13-mRNA-1,ENSACAP00000003008.3,81.984,0,,,ENSPVIP00000013899.1,84.474,0,BCR activator of RhoGEF and GTPase [SourceNCBI gene;Acc110081985],XP_042335491.1,81.701,0, LOW QUALITY PROTEIN: breakpoint cluster region protein
maker-scaffold_14-snap-gene-211.0-mRNA-1,ENSACAP00000013784.3,51.928,3.90e-127,,,ENSPVIP00000023663.1,76.322,0,transient receptor potential cation channel subfamily V member 4 [SourceNCBI gene;Acc110083439],XP_042298778.1,50.946,0, transient receptor potential cation channel subfamily V member 1-like isoform X2
maker-scaffold_14-snap-gene-211.2-mRNA-1,ENSACAP00000031017.1,71.768,0,,,ENSPVIP00000013964.1,67.614,6.34e-166,gamma-glutamyltransferase 5 [SourceNCBI gene;Acc110081999],XP_042334454.1,80.049,0, glutathione hydrolase 5 proenzyme isoform X1
maker-scaffold_14-augustus-gene-211.10-mRNA-1,ENSACAP00000002529.3,66.864,9.32e-82,,,,,,,XP_042334834.1,75.148,1.08e-90, sodium/glucose cotransporter 1-like
maker-scaffold_14-snap-gene-213.14-mRNA-1,ENSACAP00000011704.3,62.1,0,,,ENSPVIP00000024628.1,59.806,4.98e-170,solute carrier family 6 member 4 [SourceNCBI gene;Acc110084319],XP_042298652.1,61.416,0, sodium-dependent serotonin transporter
augustus_masked-scaffold_14-processed-gene-213.3-mRNA-1,,,,,,ENSPVIP00000023741.1,95.455,3.66e-06,,XP_042306363.1,65.116,3.56e-07, ubiquitin-protein ligase E3B
maker-scaffold_14-snap-gene-213.15-mRNA-1,,,,,,ENSPVIP00000023741.1,96.591,1.33e-50,,XP_042306363.1,80.424,0, ubiquitin-protein ligase E3B
maker-scaffold_14-augustus-gene-213.19-mRNA-1,,,,,,ENSPVIP00000023742.1,71.579,2.31e-28,,XP_042300277.1,82.105,8.83e-40," ubiquitin-protein ligase E3B-like, partial"
augustus_masked-scaffold_14-processed-gene-213.7-mRNA-1,ENSACAP00000012465.3,69.6,2.29e-50,GIT1,GIT ArfGAP 1 [SourceHGNC Symbol;AccHGNC4272],,,,,XP_042298554.1,70.4,4.47e-51, ARF GTPase-activating protein GIT1 isoform X5
maker-scaffold_14-snap-gene-214.0-mRNA-1,ENSACAP00000038264.1,64.103,6.71e-138,,,ENSPVIP00000023148.1,79.679,0,small G protein signaling modulator 1 [SourceNCBI gene;Acc110083416],XP_042298563.1,58.25,2.00e-143, small G protein signaling modulator 2 isoform X3
maker-scaffold_14-augustus-gene-214.18-mRNA-1,,,,,,ENSPVIP00000023525.1,81.529,9.57e-92,aspartate beta-hydroxylase domain containing 2 [SourceHGNC Symbol;AccHGNC30437],,,,
maker-scaffold_14-snap-gene-214.3-mRNA-1,,,,,,ENSPVIP00000022825.1,52,7.8,calmodulin binding transcription activator 1 [SourceNCBI gene;Acc110082430],,,,
maker-scaffold_14-augustus-gene-215.1-mRNA-1,,,,,,,,,,XP_042300652.1,72.632,4.40e-34, uncharacterized protein KIAA1671 homolog
maker-scaffold_14-snap-gene-215.5-mRNA-1,ENSACAP00000007651.3,53.567,0,GRK2,G protein-coupled receptor kinase 2 [SourceHGNC Symbol;AccHGNC289],ENSPVIP00000023153.1,60.296,0,G protein-coupled receptor kinase 3 [SourceNCBI gene;Acc110083438],XP_042310016.1,53.701,0, beta-adrenergic receptor kinase 1
maker-scaffold_14-snap-gene-215.6-mRNA-1,,,,,,,,,,,,,
maker-scaffold_14-augustus-gene-216.6-mRNA-1,,,,,,ENSPVIP00000023156.1,77.941,1.54e-67,,XP_042300242.1,90.566,1.49e-62," unconventional myosin-XVIIIb-like, partial"
maker-scaffold_14-augustus-gene-216.7-mRNA-1,ENSACAP00000011261.3,72.956,3.32e-77,,,ENSPVIP00000023156.1,60.843,6.15e-59,,,,,
maker-scaffold_14-snap-gene-216.14-mRNA-1,,,,,,ENSPVIP00000023157.1,57.143,1.58e-83,,,,,
maker-scaffold_14-snap-gene-216.17-mRNA-1,ENSACAP00000014025.3,51.02,0,,,ENSPVIP00000023524.1,83.826,0,seizure related 6 homolog like [SourceNCBI gene;Acc110083447],XP_042327565.1,51.19,0, seizure 6-like protein 2 isoform X2
maker-scaffold_14-snap-gene-216.16-mRNA-1,,,,,,ENSPVIP00000023524.1,79.762,4.89e-39,seizure related 6 homolog like [SourceNCBI gene;Acc110083447],XP_042300653.1,85.882,3.45e-46, seizure 6-like protein
maker-scaffold_14-snap-gene-219.13-mRNA-1,ENSACAP00000013434.3,56.897,0,,,ENSPVIP00000014476.1,56.444,0,kelch like family member 22 [SourceNCBI gene;Acc110081997],XP_042333834.1,64.549,0, kelch-like protein 22
maker-scaffold_14-augustus-gene-219.2-mRNA-1,ENSACAP00000014632.3,56.379,1.10e-77,,,ENSPVIP00000014478.1,80.695,2.18e-145,"CRK like proto-oncogene, adaptor protein [SourceNCBI gene;Acc110081994]",XP_042300032.1,94.253,5.31e-173, crk-like protein
maker-scaffold_14-augustus-gene-219.4-mRNA-1,,,,,,ENSPVIP00000014479.1,56.204,5.10e-47,T-box-containing protein TBX6L-like [SourceNCBI gene;Acc110081995],,,,
maker-scaffold_14-augustus-gene-219.5-mRNA-1,ENSACAP00000030984.1,67.059,5.08e-114,,,ENSPVIP00000018148.1,52.471,1.01e-93,glutathione S-transferase theta-1-like [SourceNCBI gene;Acc110081974],XP_042304807.1,76.245,8.22e-147, glutathione S-transferase theta-1-like
maker-scaffold_14-augustus-gene-219.7-mRNA-1,ENSACAP00000008601.1,71.901,1.47e-62,,,,,,,XP_042298594.1,86.777,9.10e-61, D-dopachrome decarboxylase-like
maker-scaffold_14-augustus-gene-219.8-mRNA-1,,,,,,ENSPVIP00000014339.1,77.846,1.03e-171,mediator complex subunit 15 [SourceNCBI gene;Acc110081959],XP_042300363.1,82.249,9.32e-87," mediator of RNA polymerase II transcription subunit 15-like, partial"
maker-scaffold_14-snap-gene-219.21-mRNA-1,ENSACAP00000014632.3,57.857,3.97e-104,,,ENSPVIP00000014478.1,82.119,1.84e-180,"CRK like proto-oncogene, adaptor protein [SourceNCBI gene;Acc110081994]",XP_042300032.1,94.408,0, crk-like protein
maker-scaffold_14-augustus-gene-219.12-mRNA-1,ENSACAP00000013434.3,67.519,0,,,ENSPVIP00000014476.1,67.504,0,kelch like family member 22 [SourceNCBI gene;Acc110081997],XP_042333834.1,76.803,0, kelch-like protein 22
maker-scaffold_14-snap-gene-220.8-mRNA-1,,,,,,ENSPVIP00000018145.1,59.71,6.77e-131,calcineurin binding protein 1 [SourceNCBI gene;Acc110081960],XP_042300571.1,75.273,1.70e-125," calcineurin-binding protein cabin-1-like, partial"
maker-scaffold_14-snap-gene-220.9-mRNA-1,,,,,,ENSPVIP00000023602.1,74.526,0,"solute carrier family 2, facilitated glucose transporter member 11-like [SourceNCBI gene;Acc110083426]",,,,
maker-scaffold_14-augustus-gene-220.3-mRNA-1,,,,,,ENSPVIP00000023604.1,87.037,7.12e-22,,,,,
maker-scaffold_14-snap-gene-220.13-mRNA-1,ENSACAP00000011077.3,69.312,5.34e-88,,,ENSPVIP00000023746.1,72.202,7.50e-141,myosin IH [SourceNCBI gene;Acc110083440],XP_042300354.1,90.456,5.62e-163, unconventional myosin-Ih-like
maker-scaffold_14-snap-gene-220.14-mRNA-1,,,,,,ENSPVIP00000023746.1,50.307,2.74e-41,myosin IH [SourceNCBI gene;Acc110083440],XP_042300288.1,61.165,1.58e-37," unconventional myosin-Ih-like, partial"
maker-scaffold_14-augustus-gene-220.7-mRNA-1,ENSACAP00000015080.3,81.481,1.32e-27,,,ENSPVIP00000023746.1,85.185,2.19e-26,myosin IH [SourceNCBI gene;Acc110083440],XP_042298587.1,62.963,1.65e-16, unconventional myosin-Ic isoform X2
,,,,,,,,,,,,,
S15,,,,,,,,,,,,,
maker-scaffold_15-snap-gene-0.5-mRNA-1,,,,,,,,,,,,,
maker-scaffold_15-augustus-gene-1.20-mRNA-1,,,,,,,,,,,,,
maker-scaffold_15-snap-gene-1.1-mRNA-1,,,,,,,,,,,,,
maker-scaffold_15-augustus-gene-15.10-mRNA-1,,,,,,,,,,,,,
maker-scaffold_15-augustus-gene-15.12-mRNA-1,,,,,,,,,,,,,
maker-scaffold_15-augustus-gene-15.9-mRNA-1,,,,,,,,,,,,,
,,,,,,,,,,,,,
S16,,,,,,,,,,,,,
augustus_masked-scaffold_16-processed-gene-10.3-mRNA-1,,,,,,,,,,,,,
augustus_masked-scaffold_16-processed-gene-10.4-mRNA-1,,,,,,,,,,,,,
